,pred_0,pred_1,pred_2,pred_3,pred_4
true_0,93.80035199920677,0.0,1.8219677251431545,4.3677648050370586,0.009915470613023971
true_1,2.010827532869296,61.63959783449343,36.34957463263728,0.0,0.0
true_2,5.94900849858357,0.0,94.05099150141642,0.0,0.0
true_3,10.643515143482007,0.0,0.0,87.12969713035986,2.226787726158128
true_4,29.945155393053017,0.07312614259597806,0.0,0.0,69.981718464351
