,pred_0,pred_1,pred_2,pred_3,pred_4
true_0,85.27068640111256,0.0,0.8920234429323532,8.942088010330785,4.895202145624317
true_1,0.0,99.88354037267081,0.0,0.0,0.11645962732919254
true_2,4.358668546026239,0.021684918139434024,95.61964653583432,0.0,0.0
true_3,30.84303952663984,0.0,0.0,64.02622671179935,5.130733761560809
true_4,0.5452067242162654,0.022716946842344387,0.0,0.011358473421172193,99.42071785552021
