,pred_0,pred_1,pred_2,pred_3,pred_4
true_0,93.12114226221462,0.0,2.2632061674227213,4.6082149674028905,0.007436602959767977
true_1,1.8561484918793503,63.57308584686775,34.5707656612529,0.0,0.0
true_2,0.9915014164305949,0.008331944675887352,99.00016663889352,0.0,0.0
true_3,0.9145735303863742,0.0,0.0,99.08542646961362,0.0
true_4,67.86106032906764,0.0,0.0,0.0,32.13893967093236
