,pred_0,pred_1,pred_2,pred_3,pred_4
true_0,80.52051256580907,0.0,1.5754445217045794,13.06446806397139,4.83957484851495
true_1,0.0,100.0,0.0,0.0,0.0
true_2,2.0058549278976474,0.010842459069717012,97.98330261303263,0.0,0.0
true_3,20.41632239665236,0.0,0.005330632479543698,79.5783469708681,0.0
true_4,0.817810086324398,0.0,0.0,0.0,99.1821899136756
