,pred_0,pred_1,pred_2,pred_3,pred_4
true_0,85.43955498162312,0.19270885070030794,0.20264229661269498,9.512267805701798,4.652826065362074
true_1,0.0,100.0,0.0,0.0,0.0
true_2,5.7031334706711485,0.010842459069717012,94.28602407025913,0.0,0.0
true_3,31.488046056664626,5.162717556438071,0.0,63.314587275780276,0.03464911111703403
true_4,5.02044525215811,0.022716946842344387,0.0,0.011358473421172193,94.94547932757837
