,pred_0,pred_1,pred_2,pred_3,pred_4
true_0,89.8044173421581,0.0,1.1030961056989168,3.819935053667485,5.272551498475496
true_1,5.2590873936581595,66.2799690641918,28.46094354215004,0.0,0.0
true_2,5.149141809698383,0.04165972337943676,94.76753874354274,0.008331944675887352,0.03332777870354941
true_3,51.29895950692558,3.5721386440453315,0.0,44.499304128835576,0.6295977201935185
true_4,19.3418647166362,0.0,0.0,0.0,80.6581352833638
