,pred_0,pred_1,pred_2,pred_3,pred_4
true_0,91.74041297935102,0.0,2.1466993877196896,6.098014427009741,0.014873205919535955
true_1,0.0,49.419953596287705,50.580046403712295,0.0,0.0
true_2,1.324779203466089,0.024995834027662058,98.64189301783036,0.0,0.008331944675887352
true_3,1.819206044138114,0.05301875538471734,0.006627344423089668,98.12114785605408,0.0
true_4,17.257769652650822,0.5118829981718465,25.850091407678242,0.0,56.380255941499094
