,pred_0,pred_1,pred_2,pred_3,pred_4
true_0,84.49786430912883,0.003973378364954803,2.3840270189728816,10.078474222707857,3.035661070825469
true_1,0.07763975155279502,99.9223602484472,0.0,0.0,0.0
true_2,1.4962593516209477,0.0,98.50374064837905,0.0,0.0
true_3,30.06210186838668,1.961672752472081,0.002665316239771849,67.97356006290146,0.0
true_4,5.156746933212177,0.0,2.4193548387096775,0.011358473421172193,92.41253975465698
