{
    "cross_validation_summary": {
        "mean_tempo_treino_seg": 13.908911991119385,
        "std_tempo_treino_seg": 3.456209026549004,
        "mean_pico_memoria_mb": 19.37451171875,
        "std_pico_memoria_mb": 0.0,
        "mean_optimal_threshold": 0.8984861254692078,
        "std_optimal_threshold": 0.062149913008306426,
        "mean_auc_validation_geral": 0.9999977745066413,
        "std_auc_validation_geral": 4.42826624185917e-06,
        "mean_sensitivity_validation": 1.0,
        "std_sensitivity_validation": 0.0,
        "mean_specificity_validation": 0.9999146666656958,
        "std_specificity_validation": 0.00010451156453879798
    },
    "final_holdout_results": {
        "sensitivity_holdout": 0.9998293515358362,
        "specificity_holdout": 0.9998293515358362
    }
}