,pred_0,pred_1,pred_2,pred_3,pred_4
true_0,89.73253018021367,0.0,1.4575741801145237,3.733174685803525,5.076720953868273
true_1,0.23201856148491878,62.95436968290796,36.81361175560712,0.0,0.0
true_2,0.6832194634227629,0.008331944675887352,99.30844859190135,0.0,0.0
true_3,4.639141096162767,0.0,0.0,95.36085890383723,0.0
true_4,21.974405850091408,0.0,0.0,0.0,78.0255941499086
