,pred_0,pred_1,pred_2,pred_3,pred_4
true_0,95.37939069433084,0.0,1.7451228278922186,2.8655710071639273,0.009915470613023971
true_1,0.3866976024748647,64.73317865429235,34.880123743232794,0.0,0.0
true_2,1.533077820363273,0.03332777870354941,98.43359440093317,0.0,0.0
true_3,22.58598979388959,0.0,0.0,76.11505069918483,1.298959506925575
true_4,18.720292504570384,0.0,0.0,0.0,81.27970749542962
