,pred_0,pred_1,pred_2,pred_3,pred_4
true_0,83.25817025926294,0.0,1.374788914274362,9.307638819906625,6.059402006556074
true_1,0.11645962732919254,99.88354037267081,0.0,0.0,0.0
true_2,1.2577252520871733,0.010842459069717012,98.73143228884311,0.0,0.0
true_3,21.042671712998747,0.0,0.0,78.95732828700125,0.0
true_4,3.1917310313493865,0.0,0.0,0.5338482507950931,96.27442071785552
