,pred_0,pred_1,pred_2,pred_3,pred_4
true_0,83.06148803019767,0.0,1.5376974272375088,8.242773418098738,7.158041124466077
true_1,0.0,100.0,0.0,0.0,0.0
true_2,0.4445408218583975,0.0,99.5554591781416,0.0,0.0
true_3,37.61027745942056,0.0,0.013326581198859244,61.5314907113729,0.8449052480076762
true_4,0.09086778736937755,0.0,0.0,0.045433893684688774,99.86369831894594
