{
    "train_losses": [
        1.363417066142481,
        0.832585795824267,
        0.7861705057659044,
        0.7523735334441652,
        0.7257824410997619,
        0.6916590845266974,
        0.6633269996622971,
        0.6451843938132574,
        0.6339993671625497,
        0.6267527106500856,
        0.6221132030769834,
        0.6190980624466352,
        0.6171758906586919,
        0.6155096783653893,
        0.6146238781250645,
        0.6138636096480249,
        0.6132818389771884,
        0.6128552567781959,
        0.6125762203576625,
        0.6123684039790168,
        0.6121758710842875,
        0.6119850560492744,
        0.6119151325496607,
        0.6117619006774581,
        0.6116612449526342,
        0.6116493636671937,
        0.61153999243134,
        0.6113019825810855,
        0.6114670160308068,
        0.6113194392254998,
        0.6113600567785167,
        0.6113445044790459,
        0.6113099204522212,
        0.611042334356289,
        0.6112581839376027,
        0.6111080738617687,
        0.6111139658198682,
        0.6110626737131627,
        0.6109899332402405
    ],
    "val_losses": [
        0.8269716489708853,
        0.8002671300963661,
        0.7578212901520202,
        0.7466899157262347,
        0.7286241932931352,
        0.7113090550061865,
        0.7000561895419045,
        0.6922379163797653,
        0.6858453238096218,
        0.6827968409684995,
        0.6806457868772718,
        0.678131667089648,
        0.6773643011703597,
        0.6762777365624054,
        0.6750236838170974,
        0.6750014492106438,
        0.674088098483034,
        0.6737980839544493,
        0.6729638039705187,
        0.6729526448219573,
        0.6730663109469518,
        0.6724618562889737,
        0.6730572650703517,
        0.6724017825924757,
        0.6716724167008727,
        0.6712888057405481,
        0.6718343820583227,
        0.6716268774872068,
        0.671716679375934,
        0.6717278637692939,
        0.6703710102039762,
        0.6710438600703303,
        0.671391428516643,
        0.6710602029726579,
        0.6711706502157218,
        0.671261819151195,
        0.6721961751036606,
        0.6707006148394475,
        0.6709084698357717
    ],
    "rmse": 0.8178817180322472
}