{
    "train_losses": [
        0.944771137961354,
        0.8147108614012742,
        0.8045815964085723,
        0.7925983228417852,
        0.7697897281710844,
        0.7411171216481186,
        0.7151161888784887,
        0.6908599981150062,
        0.6663758092173729,
        0.6431163759438264
    ],
    "val_losses": [
        0.8261263170500412,
        0.8151283024748324,
        0.8126202838175187,
        0.7978536088068565,
        0.7770607369256246,
        0.7654452252138189,
        0.7572355946548904,
        0.7521128367556824,
        0.7464638811261728,
        0.7420767529138719
    ],
    "rmse": 1.377029828038721
}