{
    "train_losses": [
        0.40912429272433176,
        0.37046717141544866,
        0.36408768850664663,
        0.3587780285549024,
        0.35290383644149864,
        0.3466804361133533,
        0.33903171346119615,
        0.33100579766870997,
        0.3236320884353271,
        0.3170404117249302,
        0.311317459881805,
        0.3063459886626091,
        0.3021134798172249,
        0.29841273356886955,
        0.2952687317103482,
        0.2925301309527626,
        0.2902016603153943,
        0.2881785995666779,
        0.28641953137814763,
        0.28486094850896826,
        0.2834688354227462,
        0.2822414379840689,
        0.28109675905710085,
        0.28007111810057633,
        0.279121322782469,
        0.2782239267258264,
        0.2773442704450785,
        0.2765935774164991,
        0.27581515152593644,
        0.275115166345825,
        0.2744272435819829,
        0.27375202848471203,
        0.27310259504810414,
        0.27249504867470925,
        0.2718567799951707,
        0.2713068209751325,
        0.2707634018804361,
        0.2702263548671335,
        0.26969421974750246,
        0.2692133368861475,
        0.26866078182132463,
        0.26821733688676863,
        0.2677395783615581,
        0.26728183523297777,
        0.2668572686500635,
        0.26641887478263504,
        0.2660234384370763,
        0.2656336001226994,
        0.2652073656055129,
        0.26481683292017827
    ],
    "val_losses": [
        0.3747090943332603,
        0.3693923309062007,
        0.36402251070065633,
        0.35946932421688294,
        0.35539945460274636,
        0.3528115225974477,
        0.3496195452847645,
        0.3477876516471576,
        0.3459236888874867,
        0.34558906785363264,
        0.3473018785611693,
        0.34434392509085976,
        0.3463783407714775,
        0.3467897203163435,
        0.3508625328325145,
        0.3485246168508408,
        0.34805444209516645,
        0.3496546186326427,
        0.3487732205938652,
        0.34923067303003585,
        0.34927008150854,
        0.3501963403173234,
        0.3514269263785877,
        0.3522998662182171,
        0.35072105403667486,
        0.35220400504978816,
        0.3532337479526999,
        0.35162428562176,
        0.3529695528098156,
        0.3548573744896437,
        0.35512924507737825,
        0.3552742891953697,
        0.3553705178020149,
        0.3565885009448248,
        0.3568077796050821,
        0.35459774512474,
        0.3600666765089545,
        0.3589678913873324,
        0.35877274896739664,
        0.35944098733218294,
        0.35917403529452085,
        0.3600432207441628,
        0.362526697071005,
        0.3613981899874481,
        0.3612574205811875,
        0.3611207908950737,
        0.36266994459182383,
        0.36148355055006653,
        0.3614279775717287,
        0.3645200847800711
    ],
    "rmse": 0.7463512309258479
}