,pred_0,pred_1,pred_2,pred_3,pred_4
true_0,86.45872653223404,0.0,0.6079268898380848,8.236813350551305,4.696533227376578
true_1,0.0,100.0,0.0,0.0,0.0
true_2,3.2852650981242544,0.0,96.70389244280602,0.0,0.010842459069717012
true_3,38.41253764759189,0.002665316239771849,0.0,61.58479703616834,0.0
true_4,3.850522489777374,0.0,0.0,0.0,96.14947751022262
