,pred_0,pred_1,pred_2,pred_3,pred_4
true_0,89.4276294588632,0.0,1.5368979450187155,3.762921097642597,5.272551498475496
true_1,4.4856921887084305,63.10904872389791,32.40525908739366,0.0,0.0
true_2,2.3829361773037827,0.0,97.59206798866855,0.016663889351774704,0.008331944675887352
true_3,57.14427728809066,0.0,0.0,42.85572271190934,0.0
true_4,6.80073126142596,0.0,0.0,0.0,93.19926873857403
