{
    "cross_validation_summary": {
        "mean_tempo_treino_seg": 18.346541595458984,
        "std_tempo_treino_seg": 5.052649220222145,
        "mean_pico_memoria_mb": 18.478515625,
        "std_pico_memoria_mb": 0.0,
        "mean_optimal_threshold": 0.7819312036037445,
        "std_optimal_threshold": 0.2062527526007839,
        "mean_auc_validation_geral": 0.9999996268088847,
        "std_auc_validation_geral": 5.816882695914933e-07,
        "mean_sensitivity_validation": 0.9998719954474324,
        "std_sensitivity_validation": 0.00017068032285210666,
        "mean_specificity_validation": 0.999957337883959,
        "std_specificity_validation": 8.532423208191808e-05
    },
    "final_holdout_results": {
        "sensitivity_holdout": 1.0,
        "specificity_holdout": 0.9996587030716724
    }
}