{"ROC-AUC": {"mean": 0.6145007353186055, "std": 0.0}, "Accuracy": {"mean": 0.5815845319500118, "std": 0.0}, "Recall": {"mean": 0.6314548455552935, "std": 0.0}, "Precision": {"mean": 0.5741852487135506, "std": 0.0}, "F1": {"mean": 0.6014598540145986, "std": 0.0}}