{"ROC-AUC": 0.6955882162434384, "Accuracy": 0.5517566611648196, "Recall": 0.9842018391888705, "Precision": 0.5277531925654317, "F1": 0.6870781893004115}