{
    "loss": 0.42248295673302244,
    "accuracy": 0.85,
    "precision": 0.8723404255319149,
    "recall": 0.82,
    "f1_score": 0.845360824742268,
    "auc_roc": 0.8632,
    "confusion_matrix": [
        [
            44,
            6
        ],
        [
            9,
            41
        ]
    ]
}