{
    "train_loss": [
        0.7650049287697365,
        0.7027235668281029,
        0.6783191438378959,
        0.5941042920638775,
        0.5708150144281059,
        0.5825790845114609,
        0.5582138587688578,
        0.5803145159935129,
        0.6006603682863301,
        0.5921525400260399,
        0.551092157076145,
        0.5789606108747679,
        0.5835292668178164,
        0.5429421611900987,
        0.562563451199696,
        0.5273865070836298,
        0.5251113638795656,
        0.5529191761181272,
        0.5780196189880371,
        0.5551834856641704,
        0.5711215354245285,
        0.5518559510337895,
        0.5822138740070935,
        0.5533893437221132
    ],
    "train_acc": [
        0.5291576673866091,
        0.6004319654427646,
        0.6155507559395248,
        0.6911447084233261,
        0.7105831533477321,
        0.693304535637149,
        0.7213822894168467,
        0.7278617710583153,
        0.6889848812095032,
        0.6803455723542117,
        0.7321814254859611,
        0.7321814254859611,
        0.7019438444924406,
        0.7213822894168467,
        0.7170626349892009,
        0.7494600431965442,
        0.7321814254859611,
        0.7408207343412527,
        0.714902807775378,
        0.7321814254859611,
        0.7257019438444925,
        0.7257019438444925,
        0.7105831533477321,
        0.7213822894168467
    ],
    "val_loss": [
        0.6398047038487026,
        0.55157870054245,
        0.5286901465484074,
        0.5093381490026202,
        0.49782160350254606,
        0.47516270194734844,
        0.46545244114739553,
        0.46237851466451374,
        0.47233771426337107,
        0.46030071803501676,
        0.4497406099523817,
        0.4490724205970764,
        0.4374027805668967,
        0.429527359349387,
        0.4209798106125423,
        0.42574423125811983,
        0.4313972166606358,
        0.42587714535849436,
        0.9193315080233982,
        0.8278482300894601,
        0.8730156932558332,
        0.5763897555215018,
        0.44156087722097126,
        0.4322503592286791
    ],
    "val_acc": [
        0.6060606060606061,
        0.7878787878787878,
        0.7676767676767676,
        0.7777777777777778,
        0.7878787878787878,
        0.8080808080808081,
        0.8080808080808081,
        0.8080808080808081,
        0.8080808080808081,
        0.797979797979798,
        0.8181818181818182,
        0.8282828282828283,
        0.797979797979798,
        0.8383838383838383,
        0.8282828282828283,
        0.8383838383838383,
        0.8080808080808081,
        0.8181818181818182,
        0.5050505050505051,
        0.5151515151515151,
        0.5252525252525253,
        0.7272727272727273,
        0.8080808080808081,
        0.8080808080808081
    ],
    "val_f1": [
        0.36065573770491804,
        0.7961165048543689,
        0.7722772277227723,
        0.7755102040816326,
        0.7920792079207921,
        0.8041237113402062,
        0.7956989247311828,
        0.8,
        0.8041237113402062,
        0.782608695652174,
        0.8085106382978723,
        0.8247422680412371,
        0.7777777777777778,
        0.8297872340425532,
        0.8172043010752689,
        0.8297872340425532,
        0.7912087912087912,
        0.8043478260869565,
        0.0,
        0.04,
        0.0784313725490196,
        0.64,
        0.7912087912087912,
        0.7912087912087912
    ]
}