{
    "loss": 0.39103587184633526,
    "accuracy": 0.87,
    "precision": 0.9302325581395349,
    "recall": 0.8,
    "f1_score": 0.8602150537634409,
    "auc_roc": 0.8948000000000002,
    "confusion_matrix": [
        [
            47,
            3
        ],
        [
            10,
            40
        ]
    ]
}