{
    "train_loss": [
        0.728631459433457,
        0.6352242632158871,
        0.5708272380047831,
        0.5064834078838085,
        0.5599352563249653,
        0.47733453532745096,
        0.4610249975631977,
        0.4929689508059929,
        0.5133458915455588,
        0.4672751334206811,
        0.47130755823234033,
        0.5294322345791191,
        0.4775915104767372,
        0.4604715597012947,
        0.456594442499095,
        0.4573100481567712
    ],
    "train_acc": [
        0.5961123110151187,
        0.6803455723542117,
        0.7473002159827213,
        0.7688984881209503,
        0.7537796976241901,
        0.7883369330453563,
        0.7796976241900648,
        0.7840172786177105,
        0.7883369330453563,
        0.7645788336933045,
        0.7775377969762419,
        0.7494600431965442,
        0.796976241900648,
        0.8207343412526998,
        0.8077753779697624,
        0.7818574514038877
    ],
    "val_loss": [
        0.7109759705407279,
        0.6481813362666539,
        0.46094836933272226,
        0.43814098834991455,
        0.41825047986848013,
        0.424241874899183,
        0.4201511208500181,
        0.6730907644544329,
        0.8283226234572274,
        11.166717716625758,
        0.6769142150878906,
        0.7384401644979205,
        0.5274156885487693,
        0.4344310888222286,
        0.3981215144906725,
        0.4247176115001951
    ],
    "val_acc": [
        0.494949494949495,
        0.5757575757575758,
        0.8080808080808081,
        0.8484848484848485,
        0.8383838383838383,
        0.8484848484848485,
        0.8484848484848485,
        0.6161616161616161,
        0.48484848484848486,
        0.5555555555555556,
        0.5555555555555556,
        0.5050505050505051,
        0.7777777777777778,
        0.797979797979798,
        0.8181818181818182,
        0.797979797979798
    ],
    "val_f1": [
        0.6621621621621622,
        0.6111111111111112,
        0.8,
        0.8387096774193549,
        0.84,
        0.8514851485148515,
        0.8514851485148515,
        0.6274509803921569,
        0.5565217391304348,
        0.5416666666666666,
        0.6206896551724138,
        0.1694915254237288,
        0.7608695652173914,
        0.8076923076923077,
        0.8125,
        0.7959183673469388
    ]
}