{
    "train_loss": [
        0.7568136679715124,
        0.6410138010978699,
        0.5749577170815962,
        0.5591549626712141,
        0.5385640880157208,
        0.550652592346586,
        0.5430477847313059,
        0.5351368846564457,
        0.4714285238035794,
        0.5534763942504751,
        0.5410488443127994,
        0.4973981000226119,
        0.5053338367363502,
        0.5155231428557429,
        0.5114457093436142,
        0.4995909122557476,
        0.4496589333846651,
        0.48302252744806223,
        0.5019578640830928,
        0.4746620762964775,
        0.494470519752338,
        0.44550954730346287,
        0.5066551314345722,
        0.48555203398753854,
        0.5427239968858916,
        0.4769704156908496,
        0.48739598126247013,
        0.4845987892356412,
        0.4613073432239993,
        0.49311269254520024,
        0.48976442937193243,
        0.4848170116029937,
        0.4788069725036621,
        0.5074853557964851,
        0.44744597375392914,
        0.48565259370310554
    ],
    "train_acc": [
        0.5853131749460043,
        0.673866090712743,
        0.7235421166306696,
        0.7084233261339092,
        0.7386609071274298,
        0.7257019438444925,
        0.734341252699784,
        0.7429805615550756,
        0.8012958963282938,
        0.7386609071274298,
        0.734341252699784,
        0.7732181425485961,
        0.775377969762419,
        0.7516198704103672,
        0.7537796976241901,
        0.7645788336933045,
        0.8077753779697624,
        0.7991360691144709,
        0.7883369330453563,
        0.7926565874730022,
        0.7732181425485961,
        0.8077753779697624,
        0.7580993520518359,
        0.7840172786177105,
        0.7429805615550756,
        0.7904967602591793,
        0.775377969762419,
        0.7710583153347732,
        0.7688984881209503,
        0.7624190064794817,
        0.7710583153347732,
        0.7775377969762419,
        0.7732181425485961,
        0.7796976241900648,
        0.7991360691144709,
        0.7796976241900648
    ],
    "val_loss": [
        0.6546608209609985,
        0.4986870757171086,
        0.9252955062048775,
        0.6399779745510646,
        0.6961378114564079,
        0.4466345225061689,
        0.4158707431384495,
        0.4172613024711609,
        0.41670327527182444,
        0.4138271042278835,
        0.4323715993336269,
        0.428990832396916,
        0.4485268933432443,
        0.44340876596314566,
        0.4760086366108486,
        0.4380273052624294,
        0.46726893952914644,
        0.4643240826470511,
        0.43248167634010315,
        0.42500015241759165,
        0.4446452132293156,
        0.4646350954260145,
        0.4506192547934396,
        0.4466899037361145,
        0.444861501455307,
        0.4595281609467098,
        0.4436810442379543,
        0.4662018290587834,
        0.47103896737098694,
        0.4448499722140176,
        0.44860280411584036,
        0.4453688519341605,
        0.44971621888024466,
        0.4436148149626596,
        0.45358491369656156,
        0.9349749343735831
    ],
    "val_acc": [
        0.5858585858585859,
        0.8080808080808081,
        0.5050505050505051,
        0.6262626262626263,
        0.5959595959595959,
        0.797979797979798,
        0.8181818181818182,
        0.8484848484848485,
        0.8484848484848485,
        0.8686868686868687,
        0.8686868686868687,
        0.8585858585858586,
        0.8585858585858586,
        0.8686868686868687,
        0.8484848484848485,
        0.8686868686868687,
        0.8787878787878788,
        0.8484848484848485,
        0.8484848484848485,
        0.8383838383838383,
        0.8787878787878788,
        0.8686868686868687,
        0.8686868686868687,
        0.8787878787878788,
        0.8787878787878788,
        0.8888888888888888,
        0.8787878787878788,
        0.8787878787878788,
        0.8888888888888888,
        0.8585858585858586,
        0.8686868686868687,
        0.8888888888888888,
        0.8787878787878788,
        0.8888888888888888,
        0.8888888888888888,
        0.494949494949495
    ],
    "val_f1": [
        0.3050847457627119,
        0.7865168539325843,
        0.0,
        0.4788732394366197,
        0.3548387096774194,
        0.7777777777777778,
        0.8125,
        0.8421052631578947,
        0.845360824742268,
        0.865979381443299,
        0.865979381443299,
        0.8541666666666666,
        0.8541666666666666,
        0.8686868686868687,
        0.8387096774193549,
        0.865979381443299,
        0.875,
        0.8387096774193549,
        0.8484848484848485,
        0.84,
        0.8723404255319149,
        0.8602150537634409,
        0.865979381443299,
        0.875,
        0.875,
        0.8842105263157894,
        0.875,
        0.875,
        0.8842105263157894,
        0.8571428571428571,
        0.865979381443299,
        0.8842105263157894,
        0.875,
        0.8842105263157894,
        0.8842105263157894,
        0.6621621621621622
    ]
}