{
    "train_loss": [
        0.6817749790076552,
        0.47649299276286156,
        0.37418632658905,
        0.36217753178086776,
        0.2824877293716217,
        0.25165043251010877,
        0.24389745808880905,
        0.22450374375129567,
        0.2282166975582468,
        0.28890113044401694,
        0.16876354723654943,
        0.15324629843235016,
        0.18216606627764373,
        0.11724373508758586,
        0.15319497444955954,
        0.21881039890235868,
        0.1468731624170624,
        0.15374313237081313,
        0.12343701495435731,
        0.10260182474579277,
        0.07428005453327606,
        0.11737295985221863,
        0.10958659430516177,
        0.14346242545108343,
        0.10447977730554753,
        0.06439219334901407,
        0.12455873592788803,
        0.05867144717545859
    ],
    "train_acc": [
        0.6544276457883369,
        0.7948164146868251,
        0.8509719222462203,
        0.8250539956803455,
        0.8790496760259179,
        0.9071274298056156,
        0.8941684665226782,
        0.8941684665226782,
        0.9071274298056156,
        0.8855291576673866,
        0.9308855291576674,
        0.9265658747300216,
        0.9287257019438445,
        0.9611231101511879,
        0.9352051835853131,
        0.9157667386609071,
        0.9395248380129589,
        0.9438444924406048,
        0.9503239740820735,
        0.9568034557235421,
        0.9719222462203023,
        0.958963282937365,
        0.9546436285097192,
        0.9438444924406048,
        0.9632829373650108,
        0.9848812095032398,
        0.9524838012958964,
        0.978401727861771
    ],
    "val_loss": [
        0.422186370406832,
        0.4061536703790937,
        0.3232019415923527,
        0.33708459564617704,
        0.3703144376299211,
        0.3917421954018729,
        0.2800376947437014,
        0.3211229858653886,
        0.343038409948349,
        0.28419583822999683,
        0.29564603737422396,
        0.29454320669174194,
        0.23753698489495687,
        0.449901568038123,
        0.40396172233990263,
        0.41056723254067556,
        0.32030437886714935,
        0.26395635093961445,
        0.30348809169871466,
        0.21724128936018264,
        0.49274609770093647,
        0.182147174009255,
        0.6020672874791282,
        0.2600490642445428,
        0.24891687503882817,
        0.2929711086409433,
        0.28866340645721983,
        0.2421503503407751
    ],
    "val_acc": [
        0.797979797979798,
        0.7878787878787878,
        0.8686868686868687,
        0.8484848484848485,
        0.8080808080808081,
        0.8383838383838383,
        0.8585858585858586,
        0.8686868686868687,
        0.8484848484848485,
        0.898989898989899,
        0.8585858585858586,
        0.8787878787878788,
        0.9191919191919192,
        0.8484848484848485,
        0.8484848484848485,
        0.8383838383838383,
        0.8888888888888888,
        0.9191919191919192,
        0.8686868686868687,
        0.9090909090909091,
        0.8686868686868687,
        0.9191919191919192,
        0.8383838383838383,
        0.898989898989899,
        0.9090909090909091,
        0.8888888888888888,
        0.8888888888888888,
        0.9191919191919192
    ],
    "val_f1": [
        0.782608695652174,
        0.7586206896551724,
        0.8686868686868687,
        0.8275862068965517,
        0.822429906542056,
        0.84,
        0.8541666666666666,
        0.8712871287128713,
        0.8623853211009175,
        0.9019607843137255,
        0.86,
        0.8666666666666667,
        0.9183673469387755,
        0.8623853211009175,
        0.8351648351648352,
        0.8518518518518519,
        0.8791208791208791,
        0.9215686274509803,
        0.865979381443299,
        0.9072164948453608,
        0.8602150537634409,
        0.9148936170212766,
        0.8297872340425532,
        0.8913043478260869,
        0.9108910891089109,
        0.8865979381443299,
        0.8791208791208791,
        0.9166666666666666
    ]
}