{
  "loss": 0.0,
  "accuracy": 0.9954614220877458,
  "precision": 1.0,
  "recall": 0.991044776119403,
  "f1_score": 0.9955022488755623,
  "auc_roc": 1.0,
  "confusion_matrix": [
    [
      326,
      0
    ],
    [
      3,
      332
    ]
  ]
}