{
    "loss": 0.9576496396745954,
    "accuracy": 0.5,
    "precision": 0.5,
    "recall": 1.0,
    "f1_score": 0.6666666666666666,
    "auc_roc": 0.5,
    "confusion_matrix": [
        [
            0,
            50
        ],
        [
            0,
            50
        ]
    ]
}