{
    "train_loss": [
        0.6823293957216986,
        0.4939806666867486,
        0.3751754997105434,
        0.35734654295033424,
        0.2914576870871001,
        0.28732929609972857,
        0.2517644439277978,
        0.28335160094088524,
        0.19233021441975545,
        0.28707009964975816,
        0.146077083102588,
        0.15593551677362671,
        0.13260013276133045,
        0.10126947849218187,
        0.10360640842981379,
        0.1402802975559286,
        0.10681867077625518,
        0.10250818344025776,
        0.08452401798346947,
        0.12195533615183728,
        0.08821347225778575,
        0.08563934985933633,
        0.07173215077611907,
        0.06714310721847518,
        0.07883332971611927
    ],
    "train_acc": [
        0.6306695464362851,
        0.7667386609071274,
        0.8423326133909287,
        0.8531317494600432,
        0.8855291576673866,
        0.8725701943844493,
        0.896328293736501,
        0.8984881209503239,
        0.9092872570194385,
        0.896328293736501,
        0.9438444924406048,
        0.9352051835853131,
        0.9546436285097192,
        0.958963282937365,
        0.958963282937365,
        0.9503239740820735,
        0.9568034557235421,
        0.9503239740820735,
        0.9740820734341252,
        0.9546436285097192,
        0.9697624190064795,
        0.9676025917926566,
        0.978401727861771,
        0.9762419006479481,
        0.9762419006479481
    ],
    "val_loss": [
        0.5086746641567775,
        0.4276655444077083,
        0.36641477261270794,
        0.3415094316005707,
        0.3753094332558768,
        0.4080831663949149,
        0.3313733179654394,
        0.38201104743140085,
        0.4427922772509711,
        0.40779384119170053,
        0.36307849628584726,
        0.5074001210076469,
        0.39642222438539776,
        0.33863365224429537,
        0.3397014375243868,
        0.42006418853998184,
        0.4782280921936035,
        0.4554539557014193,
        0.48961226642131805,
        0.5254096601690564,
        0.48195466718503405,
        0.4821169802120754,
        0.4495477367724691,
        0.3844344232763563,
        0.5338949880429676
    ],
    "val_acc": [
        0.7272727272727273,
        0.797979797979798,
        0.8585858585858586,
        0.8787878787878788,
        0.8484848484848485,
        0.8484848484848485,
        0.8787878787878788,
        0.8787878787878788,
        0.8787878787878788,
        0.8686868686868687,
        0.8686868686868687,
        0.8585858585858586,
        0.8787878787878788,
        0.8888888888888888,
        0.9090909090909091,
        0.898989898989899,
        0.8686868686868687,
        0.898989898989899,
        0.8585858585858586,
        0.8585858585858586,
        0.898989898989899,
        0.8787878787878788,
        0.8888888888888888,
        0.8888888888888888,
        0.8686868686868687
    ],
    "val_f1": [
        0.64,
        0.7674418604651163,
        0.8571428571428571,
        0.8723404255319149,
        0.8314606741573034,
        0.8514851485148515,
        0.8666666666666667,
        0.8723404255319149,
        0.8695652173913043,
        0.8505747126436781,
        0.8602150537634409,
        0.851063829787234,
        0.8695652173913043,
        0.8791208791208791,
        0.9032258064516129,
        0.8979591836734694,
        0.8631578947368421,
        0.8936170212765957,
        0.851063829787234,
        0.8409090909090909,
        0.9,
        0.8723404255319149,
        0.8842105263157894,
        0.8817204301075269,
        0.8602150537634409
    ]
}