{
    "loss": 0.294311466759869,
    "accuracy": 0.91,
    "precision": 0.9183673469387755,
    "recall": 0.9,
    "f1_score": 0.9090909090909091,
    "auc_roc": 0.9603999999999999,
    "confusion_matrix": [
        [
            46,
            4
        ],
        [
            5,
            45
        ]
    ]
}