{
    "train_loss": [
        0.6724123954772949,
        0.6065176704834248,
        0.5818666127221338,
        0.5650603370419864,
        0.583353532799359,
        0.5644406820165699,
        0.5663619473062712,
        0.5239400062067755,
        0.5411561121200693,
        0.5184701239240581,
        0.5202575079325972,
        0.5194528637261226,
        0.4975031244343725,
        0.49706522966253347,
        0.511578122089649,
        0.5084865853704256,
        0.4759159879437808,
        0.4763439513486007,
        0.4734118478051547,
        0.5088491337052707,
        0.4806080511931715,
        0.4661180377006531,
        0.4538749723598875,
        0.44696334929301823,
        0.46539611343679754,
        0.4534333235230939,
        0.4649447675408988,
        0.46857291357270603,
        0.43548269415723867,
        0.45215393500081424,
        0.41555187825498907,
        0.44987474844373504,
        0.4449006899677474
    ],
    "train_acc": [
        0.5788336933045356,
        0.6954643628509719,
        0.7451403887688985,
        0.7278617710583153,
        0.712742980561555,
        0.7278617710583153,
        0.7257019438444925,
        0.7688984881209503,
        0.734341252699784,
        0.7645788336933045,
        0.755939524838013,
        0.7537796976241901,
        0.7775377969762419,
        0.7796976241900648,
        0.755939524838013,
        0.7516198704103672,
        0.7861771058315334,
        0.7904967602591793,
        0.7861771058315334,
        0.7602591792656588,
        0.7840172786177105,
        0.7948164146868251,
        0.8272138228941684,
        0.8012958963282938,
        0.8099352051835853,
        0.7904967602591793,
        0.796976241900648,
        0.8056155507559395,
        0.8185745140388769,
        0.8056155507559395,
        0.8250539956803455,
        0.8034557235421166,
        0.7948164146868251
    ],
    "val_loss": [
        0.6915010213851929,
        0.5846848317555019,
        0.5389996469020844,
        0.544902286359242,
        0.523566654750279,
        0.5223192146846226,
        0.5048093838351113,
        0.49194030250821796,
        0.5166938092027392,
        0.534326012645449,
        0.5225546274866376,
        0.4553554781845638,
        0.45357905115400043,
        0.4273531309195927,
        0.4481810373919351,
        0.4071603843144008,
        0.41898052607263836,
        0.41728447164808,
        0.4830800380025591,
        0.4201690597193582,
        0.3956282990319388,
        0.4219346472195217,
        0.37700924064431873,
        0.41339210101536344,
        0.3861930285181318,
        0.4343188192163195,
        0.5184932904584068,
        0.3956220192568643,
        0.3827290194375174,
        0.4533261699335916,
        0.37176779764039175,
        0.46277524318013874,
        0.3786448282854898
    ],
    "val_acc": [
        0.5050505050505051,
        0.7575757575757576,
        0.7575757575757576,
        0.7474747474747475,
        0.7676767676767676,
        0.797979797979798,
        0.797979797979798,
        0.7575757575757576,
        0.7575757575757576,
        0.7474747474747475,
        0.7474747474747475,
        0.797979797979798,
        0.8181818181818182,
        0.8282828282828283,
        0.8181818181818182,
        0.7878787878787878,
        0.8383838383838383,
        0.8181818181818182,
        0.7474747474747475,
        0.797979797979798,
        0.8181818181818182,
        0.8080808080808081,
        0.8686868686868687,
        0.8383838383838383,
        0.8484848484848485,
        0.797979797979798,
        0.7272727272727273,
        0.8383838383838383,
        0.8686868686868687,
        0.7878787878787878,
        0.8686868686868687,
        0.8080808080808081,
        0.8686868686868687
    ],
    "val_f1": [
        0.0,
        0.7391304347826086,
        0.7272727272727273,
        0.7474747474747475,
        0.7526881720430108,
        0.782608695652174,
        0.7777777777777778,
        0.7647058823529411,
        0.7,
        0.7368421052631579,
        0.691358024691358,
        0.782608695652174,
        0.7954545454545454,
        0.8247422680412371,
        0.7906976744186046,
        0.7741935483870968,
        0.8181818181818182,
        0.8085106382978723,
        0.691358024691358,
        0.7674418604651163,
        0.8085106382978723,
        0.7816091954022989,
        0.8686868686868687,
        0.813953488372093,
        0.8351648351648352,
        0.7560975609756098,
        0.64,
        0.8260869565217391,
        0.8571428571428571,
        0.7407407407407407,
        0.8602150537634409,
        0.7710843373493976,
        0.8571428571428571
    ]
}