{
    "loss": 0.3974300282342093,
    "accuracy": 0.85,
    "precision": 0.8888888888888888,
    "recall": 0.8,
    "f1_score": 0.8421052631578947,
    "auc_roc": 0.9064,
    "confusion_matrix": [
        [
            45,
            5
        ],
        [
            10,
            40
        ]
    ]
}