{
    "train_loss": [
        0.4444868882541402,
        0.26112419307099155,
        0.20385000116310034,
        0.16801348813127037,
        0.14705967597812747,
        0.13297415322277753,
        0.1200949242193343,
        0.11115473523769187,
        0.10333775586234965,
        0.09682225714746721,
        0.09196546944252366,
        0.08656069362548519,
        0.08260418267252716,
        0.0792230982789749,
        0.07603719324404519,
        0.07552982773839233,
        0.07262532474402596,
        0.06856990789783028,
        0.06656015913244877,
        0.06414570500099313,
        0.06310014858144959,
        0.06125593311537082,
        0.061058620086358754,
        0.05820509759016451,
        0.05811249349423931,
        0.056425436617669654,
        0.0554423744153472,
        0.05464045991312157,
        0.05361067916874365,
        0.05330167749776341,
        0.05146712931764949,
        0.05071000258680972,
        0.049923045100241835,
        0.04976913760227456,
        0.049438098590729763,
        0.04795626647156437,
        0.047497111391317605,
        0.04720635212675766,
        0.04714502828125168,
        0.04646172172873217
    ],
    "val_loss": [
        0.3148611985568182,
        0.23209976062633683,
        0.18985951972170415,
        0.16222515668359339,
        0.14455111629781667,
        0.13218429585394725,
        0.12258250552427466,
        0.11461894203502687,
        0.1073138214807529,
        0.1019323035164496,
        0.09820652111657956,
        0.09220729983708857,
        0.0884883393611592,
        0.08523205694844771,
        0.08333144272067006,
        0.08280237946148582,
        0.07741498799487474,
        0.076907381848653,
        0.07265140999730645,
        0.07208431776930095,
        0.06977897439977424,
        0.0726981409368498,
        0.06651675165222402,
        0.06638384138883284,
        0.06529141773237974,
        0.06511167729245601,
        0.06265620660712147,
        0.06316303330351968,
        0.06154815004466802,
        0.061663508008562795,
        0.060001515488662525,
        0.05920189644722601,
        0.057047958606206574,
        0.0581294251841876,
        0.05672267648192332,
        0.058626684771101535,
        0.05582173400551875,
        0.05632687947767907,
        0.056537709176501645,
        0.05498910741305646
    ]
}