{
    "train_loss": [
        0.17362589884823176,
        0.033851394620630686,
        0.024503995600117075,
        0.019254728104247148,
        0.016942572165985815,
        0.014592807187972578,
        0.012354458124145559,
        0.012534310665025162,
        0.01087462315882944,
        0.010314147704994442,
        0.008265759293684831,
        0.008156129063878682,
        0.006752485386173724,
        0.006088495321993411,
        0.005245859184998419,
        0.00559335507063921,
        0.006423426073310038,
        0.00693475522580847,
        0.003657730205442429,
        0.0058243190280644315
    ],
    "train_acc": [
        0.9384743875278396,
        0.9934576837416481,
        0.9935968819599109,
        0.9959632516703786,
        0.9959632516703786,
        0.9965200445434298,
        0.9965200445434298,
        0.9969376391982183,
        0.9973552338530067,
        0.9970768374164811,
        0.9972160356347439,
        0.9973552338530067,
        0.9977728285077951,
        0.9984688195991092,
        0.998608017817372,
        0.9980512249443207,
        0.9977728285077951,
        0.9983296213808464,
        0.9990256124721604,
        0.9980512249443207
    ],
    "train_precision": [
        0.9798657718038603,
        0.9974143503490794,
        0.9935897435833745,
        0.9968091895277805,
        0.9968091895277805,
        0.9961856325429359,
        0.9955555555492346,
        0.9955640050633995,
        0.9962001266561356,
        0.9961953075396565,
        0.9961977186248657,
        0.9962001266561356,
        0.9974651457477981,
        0.9974731522362763,
        0.9974747474684503,
        0.996212121205832,
        0.9955808080745229,
        0.9974715549873738,
        0.9981072555142075,
        0.9955863808260051
    ],
    "train_recall": [
        0.7364438839802242,
        0.972887767963601,
        0.9773013871312908,
        0.9848675914187588,
        0.9848675914187588,
        0.9880201765385371,
        0.9886506935624928,
        0.9905422446343598,
        0.9918032786822711,
        0.9905422446343598,
        0.9911727616583155,
        0.9918032786822711,
        0.9924337957062268,
        0.9955863808260051,
        0.9962168978499608,
        0.9949558638020495,
        0.9943253467780938,
        0.9949558638020495,
        0.9974779318978723,
        0.9955863808260051
    ],
    "val_loss": [
        0.03653749794039035,
        0.02443427306152408,
        0.02350461415240276,
        0.01910338732350407,
        0.020632929911120184,
        0.01946502502298417,
        0.024701783841426222,
        0.0218875726964459,
        0.026028813534741374,
        0.020955258562727914,
        0.027911500234324094,
        0.025583303021406996,
        0.023481098793970773,
        0.026261410678777165,
        0.021029952623051743,
        0.026414337123805337,
        0.027466259454393308,
        0.020771369229108966,
        0.026856879562095645,
        0.03157069457896249
    ],
    "val_acc": [
        0.9948018193632229,
        0.99545159194282,
        0.9961013645224172,
        0.9961013645224172,
        0.99545159194282,
        0.99545159194282,
        0.99545159194282,
        0.9961013645224172,
        0.9948018193632229,
        0.9967511371020142,
        0.99545159194282,
        0.9961013645224172,
        0.9967511371020142,
        0.99545159194282,
        0.9961013645224172,
        0.9941520467836257,
        0.9967511371020142,
        0.9974009096816114,
        0.9967511371020142,
        0.99545159194282
    ],
    "val_precision": [
        0.9941348973315502,
        0.9941520467545569,
        0.994169096180928,
        0.994169096180928,
        0.9912790697386256,
        0.9912790697386256,
        0.9941520467545569,
        0.994169096180928,
        0.9941348973315502,
        0.9941860464827271,
        0.9912790697386256,
        0.994169096180928,
        0.9941860464827271,
        0.9941520467545569,
        0.9970674486511124,
        0.9855491329194928,
        0.9970760233626585,
        0.9970845480758868,
        0.9941860464827271,
        0.9941520467545569
    ],
    "val_recall": [
        0.9826086956236925,
        0.9855072463482462,
        0.9884057970727999,
        0.9884057970727999,
        0.9884057970727999,
        0.9884057970727999,
        0.9855072463482462,
        0.9884057970727999,
        0.9826086956236925,
        0.9913043477973534,
        0.9884057970727999,
        0.9884057970727999,
        0.9913043477973534,
        0.9855072463482462,
        0.9855072463482462,
        0.9884057970727999,
        0.9884057970727999,
        0.9913043477973534,
        0.9913043477973534,
        0.9855072463482462
    ]
}