{
    "train_loss": [
        0.18223316300419762,
        0.07525205308932371,
        0.061222466210811864,
        0.04831669728643985,
        0.0406529607086905,
        0.03848659875854551,
        0.03823316010972174,
        0.031852501108495725,
        0.028570692803718996,
        0.028563218832717077,
        0.026155847718240175,
        0.02643206594631134,
        0.024076716753635773,
        0.020924849387267106,
        0.021121140021401953,
        0.020492143158693042,
        0.020319507833137768,
        0.017883836809368604,
        0.017279452910047347,
        0.015736440081125486,
        0.01596773661215964,
        0.01824117720115179,
        0.01494253391774894,
        0.013484154385631232,
        0.01347823924528132,
        0.012147776375123858,
        0.011667949780709015,
        0.018565793196504254,
        0.022183079990154633,
        0.013735542932214405,
        0.013818797991815374,
        0.010398117863587686,
        0.010947787703687994,
        0.014096144779056352,
        0.010072552303660904,
        0.011939096685525789,
        0.011446265715236863,
        0.014119046493467123,
        0.009519190262193649,
        0.009625053839648623
    ],
    "train_acc": [
        0.9330456570155902,
        0.9731347438752784,
        0.977728285077951,
        0.982739420935412,
        0.9838530066815144,
        0.9839922048997772,
        0.9844097995545658,
        0.9881681514476615,
        0.9892817371937639,
        0.9883073496659243,
        0.9896993318485523,
        0.9899777282850779,
        0.9920657015590201,
        0.9909521158129176,
        0.9917873051224945,
        0.9912305122494433,
        0.9916481069042317,
        0.9929008908685969,
        0.9931792873051225,
        0.9931792873051225,
        0.9922048997772829,
        0.9922048997772829,
        0.9944320712694877,
        0.9942928730512249,
        0.9941536748329621,
        0.995684855233853,
        0.9954064587973274,
        0.9930400890868597,
        0.9940144766146993,
        0.9938752783964365,
        0.9940144766146993,
        0.9958240534521158,
        0.9959632516703786,
        0.9947104677060133,
        0.9955456570155902,
        0.994988864142539,
        0.995684855233853,
        0.9951280623608018,
        0.9961024498886414,
        0.9958240534521158
    ],
    "train_precision": [
        0.9118625277111316,
        0.95627572015969,
        0.9674081738180683,
        0.9747552807780796,
        0.9753466872060845,
        0.9758478931090656,
        0.97735460627392,
        0.9845520082338592,
        0.9836233367401044,
        0.9820788530415665,
        0.9846390168920398,
        0.9826795720785396,
        0.9882413087884038,
        0.986196319013363,
        0.9872318692492992,
        0.9867075664571232,
        0.9867279224043557,
        0.9892747701685941,
        0.9882892056976157,
        0.9897854953984179,
        0.9887468030639962,
        0.9852717115236909,
        0.9923352069443417,
        0.9903258655754057,
        0.9898218829466168,
        0.9933741080479441,
        0.9943762781135257,
        0.9872902897763738,
        0.9908163265255571,
        0.9893129770942021,
        0.9898167006059582,
        0.9948901379611912,
        0.9933808553920908,
        0.9898425596699348,
        0.9933707292147202,
        0.9918492103872041,
        0.9913705583706023,
        0.9918533604837483,
        0.9933842239135198,
        0.993880673120888
    ],
    "train_recall": [
        0.83629893238009,
        0.945094051850813,
        0.9506863243469716,
        0.961870869339289,
        0.9654295882004809,
        0.9654295882004809,
        0.9654295882004809,
        0.9720386375141229,
        0.9771225216015399,
        0.9750889679665731,
        0.9776309100102816,
        0.9806812404627318,
        0.9827147940976985,
        0.9806812404627318,
        0.9827147940976985,
        0.9811896288714734,
        0.9827147940976985,
        0.9847483477326653,
        0.9867819013676321,
        0.985256736141407,
        0.9827147940976985,
        0.9862735129588904,
        0.9872902897763738,
        0.9888154550025988,
        0.9888154550025988,
        0.9908490086375656,
        0.9888154550025988,
        0.9872902897763738,
        0.9872902897763738,
        0.9883070665938571,
        0.9883070665938571,
        0.9898322318200823,
        0.991865785455049,
        0.9908490086375656,
        0.990340620228824,
        0.9898322318200823,
        0.9928825622725325,
        0.990340620228824,
        0.9923741738637907,
        0.9908490086375656
    ],
    "val_loss": [
        0.07368059070022018,
        0.05595056676379053,
        0.0435448769958662,
        0.047426704250936425,
        0.029785487413957965,
        0.038164935046909806,
        0.03420130813594477,
        0.03267967877954549,
        0.02752920025272898,
        0.029150779685467917,
        0.02566049049975734,
        0.024775854250763514,
        0.02335986450971884,
        0.026739523427342555,
        0.019578672945518332,
        0.03746345674569457,
        0.043110516457239775,
        0.026093935890485424,
        0.027320692436120914,
        0.031095691031946832,
        0.03237415908431391,
        0.03142520626906292,
        0.023828862107869307,
        0.021436492238942895,
        0.02461083103431228,
        0.021248096225306667,
        0.022896301372618208,
        0.024481366247130338,
        0.03219751537068855,
        0.031000014229805334,
        0.02279012458177454,
        0.02698653676378534,
        0.02060147417682605,
        0.03002683095430654,
        0.027520566281287174,
        0.02557525400174001,
        0.035610544987269774,
        0.01975013614068494,
        0.02084015069126936,
        0.02953748755783929
    ],
    "val_acc": [
        0.9766081871345029,
        0.9792072774528915,
        0.9824561403508771,
        0.9792072774528915,
        0.9876543209876543,
        0.9831059129304743,
        0.9870045484080572,
        0.9876543209876543,
        0.9896036387264457,
        0.9870045484080572,
        0.9896036387264457,
        0.98635477582846,
        0.9876543209876543,
        0.9896036387264457,
        0.99090318388564,
        0.9876543209876543,
        0.9870045484080572,
        0.9889538661468485,
        0.99090318388564,
        0.98635477582846,
        0.9857050032488629,
        0.9902534113060428,
        0.9896036387264457,
        0.9896036387264457,
        0.9902534113060428,
        0.9902534113060428,
        0.9896036387264457,
        0.9889538661468485,
        0.9896036387264457,
        0.9889538661468485,
        0.9883040935672515,
        0.9889538661468485,
        0.99090318388564,
        0.9883040935672515,
        0.9902534113060428,
        0.9902534113060428,
        0.9896036387264457,
        0.9902534113060428,
        0.9915529564652371,
        0.9915529564652371
    ],