{
    "train_loss": [
        0.25078899414384354,
        0.04781165985154084,
        0.042776138749376004,
        0.03941284456157555,
        0.03411287800688919,
        0.03242866953581837,
        0.032124529921326306,
        0.028194081869478315,
        0.029868196231418835,
        0.026827042531388044,
        0.02609147827082909,
        0.026901594407748607,
        0.02633099779299977,
        0.024092007990519956,
        0.03495187941162882,
        0.022708964650519192,
        0.021322266302924015,
        0.022500552386118054,
        0.019125278223459434,
        0.019521475557490918,
        0.01865778918137446,
        0.016814322447827407,
        0.017976227612079086,
        0.017342762448067855,
        0.018565514741101425,
        0.016395320317408233,
        0.014961790912608328,
        0.014814656561775701,
        0.016264227118067243,
        0.013461114605110893,
        0.014873388142585297,
        0.01393399372171063,
        0.015512909631054011,
        0.012394841458469023,
        0.01219584614729181,
        0.012763326353173628,
        0.0143462876029072,
        0.024555871996964806,
        0.013017446182010683,
        0.011342146184206224
    ],
    "train_acc": [
        0.90228285077951,
        0.9919265033407573,
        0.9926224944320713,
        0.9931792873051225,
        0.9931792873051225,
        0.9938752783964365,
        0.9938752783964365,
        0.9944320712694877,
        0.9938752783964365,
        0.9944320712694877,
        0.994988864142539,
        0.9942928730512249,
        0.9937360801781737,
        0.9951280623608018,
        0.9919265033407573,
        0.9952672605790646,
        0.9951280623608018,
        0.9954064587973274,
        0.9958240534521158,
        0.9958240534521158,
        0.9958240534521158,
        0.9965200445434298,
        0.995684855233853,
        0.996380846325167,
        0.9958240534521158,
        0.996380846325167,
        0.9967984409799554,
        0.9965200445434298,
        0.9961024498886414,
        0.9965200445434298,
        0.9962416481069042,
        0.9967984409799554,
        0.9958240534521158,
        0.9962416481069042,
        0.9961024498886414,
        0.996380846325167,
        0.9961024498886414,
        0.9937360801781737,
        0.9959632516703786,
        0.9973552338530067
    ],
    "train_precision": [
        0.9185606060519077,
        0.9954604409792772,
        0.994835377656586,
        0.9980557355735706,
        0.9961265332408256,
        0.9967783505090414,
        0.996138996132586,
        0.997425997419579,
        0.9967783505090414,
        0.9967866323843395,
        0.9967948717884821,
        0.9955099422643008,
        0.9954983922765563,
        0.9955271565431596,
        0.9935400516731684,
        0.9961636828580809,
        0.9967969250416605,
        0.9980756895381779,
        0.996173469381402,
        0.9974424552365894,
        0.9974424552365894,
        0.997450605474841,
        0.9961710274346128,
        0.9961832061005332,
        0.9949109414694981,
        0.9968152866178548,
        0.9980879541045374,
        0.9955555555492346,
        0.9961783439426996,
        0.9961856325429359,
        0.9961807765690887,
        0.9974538510439374,
        0.9955414012675444,
        0.9961807765690887,
        0.9949174078716969,
        0.9955527318869406,
        0.9961783439426996,
        0.9942270686273623,
        0.9968091895277805,
        0.9980928162682894
    ],
    "train_recall": [
        0.6116015132370013,
        0.9678436317719556,
        0.9716267339156897,
        0.970996216891734,
        0.972887767963601,
        0.9754098360594237,
        0.9760403530833793,
        0.9773013871312908,
        0.9754098360594237,
        0.9779319041552464,
        0.9804539722510691,
        0.9785624211792021,
        0.9760403530833793,
        0.9823455233229361,
        0.9697351828438227,
        0.9823455233229361,
        0.9810844892750248,
        0.9810844892750248,
        0.9848675914187588,
        0.9836065573708475,
        0.9836065573708475,
        0.9867591424906258,
        0.9842370743948031,
        0.9873896595145815,
        0.9861286254666701,
        0.9867591424906258,
        0.9873896595145815,
        0.9886506935624928,
        0.9861286254666701,
        0.9880201765385371,
        0.9867591424906258,
        0.9880201765385371,
        0.9854981084427145,
        0.9867591424906258,
        0.9873896595145815,
        0.9880201765385371,
        0.9861286254666701,
        0.9773013871312908,
        0.9848675914187588,
        0.9899117276104041
    ],
    "val_loss": [
        0.06826680139447862,
        0.03433441791318531,
        0.04197066564695659,
        0.03452121274566364,
        0.031822917664022975,
        0.029645666926966095,
        0.03137705981600703,
        0.027863696337810065,
        0.03014502729907014,
        0.022685789458527485,
        0.02846025079782251,
        0.03719318155780231,
        0.022931512170398634,
        0.02507171651950291,
        0.027417191952379825,
        0.029902921472763844,
        0.02353345869736346,
        0.027202913429602602,
        0.019074338215226708,
        0.02189812920958105,
        0.022706542590470703,
        0.02280722682152786,
        0.023208327295199338,
        0.017346131930660574,
        0.021581490105956,
        0.020817265973389034,
        0.02656070248733981,
        0.03536788823689401,
        0.02211992047393369,
        0.016780948453755894,
        0.018369202626713408,
        0.01714212358096382,
        0.017853695560204573,
        0.020398738624757554,
        0.023140382424088907,
        0.018723173491182344,
        0.027941253210711024,
        0.02053737805147496,
        0.02384155764792307,
        0.019858306867628822
    ],
    "val_acc": [
        0.9876543209876543,
        0.9928525016244314,
        0.9922027290448343,
        0.9935022742040286,
        0.9941520467836257,
        0.9948018193632229,
        0.9928525016244314,
        0.9948018193632229,
        0.9941520467836257,
        0.9948018193632229,
        0.99545159194282,
        0.9948018193632229,
        0.9961013645224172,
        0.9948018193632229,
        0.9941520467836257,
        0.9928525016244314,
        0.99545159194282,
        0.9948018193632229,
        0.9961013645224172,
        0.99545159194282,
        0.9961013645224172,
        0.99545159194282,
        0.99545159194282,
        0.9967511371020142,
        0.99545159194282,
        0.9961013645224172,
        0.9961013645224172,
        0.9915529564652371,
        0.9948018193632229,
        0.9961013645224172,
        0.9961013645224172,
        0.9961013645224172,
        0.99545159194282,
        0.99545159194282,
        0.9948018193632229,
        0.9967511371020142,
        0.99545159194282,
        0.9948018193632229,
        0.9967511371020142,
        0.9961013645224172
    ],