{
    "train_loss": [
        0.46715977336622294,
        0.2618402833065105,
        0.21150146338483009,
        0.1754144583818376,
        0.15204096597127767,
        0.1365093001743202,
        0.12254916350533543,
        0.11271010485284844,
        0.10440777912570001,
        0.09656269411931856,
        0.09222222877902815,
        0.08748150942121158,
        0.08258522384880912,
        0.07921471099943786,
        0.07646213767257724,
        0.07327983233007397,
        0.07135681542495312,
        0.06877537338863768,
        0.06711094504541704,
        0.0653204732887729,
        0.06526896860326054,
        0.06326810944252928,
        0.06012116868737546,
        0.060241806729466454,
        0.0574525567663539,
        0.05694509138309611,
        0.05575872619194549,
        0.05545272386917027,
        0.0534947017220187,
        0.05302701376892942,
        0.05158906248304786,
        0.051267734805499524,
        0.05050423403658421,
        0.0506148838286676,
        0.04988793485314649,
        0.049122760632388573,
        0.048313087462250534,
        0.04760114051285459,
        0.047233518188143093,
        0.048270388516723974
    ],
    "val_loss": [
        0.3268379267351127,
        0.23520993903676282,
        0.1980793027520722,
        0.16829271287287575,
        0.15283978398819106,
        0.13694630609734482,
        0.12687703285939977,
        0.11512545848663477,
        0.10734166077122122,
        0.10075419092619861,
        0.09577479614326131,
        0.09189913241293153,
        0.08696161820041894,
        0.0849649720547492,
        0.08178671094322065,
        0.079352155937786,
        0.077281438351607,
        0.0759134278417873,
        0.07338751031931845,
        0.07512354458875281,
        0.07656256277465139,
        0.0691124414317092,
        0.06846319562607264,
        0.06704452400996826,
        0.06526527592768291,
        0.06558389033664737,
        0.06475839126780096,
        0.062031806151904866,
        0.06147872913650602,
        0.06074153406568515,
        0.05991988989044661,
        0.05978405875982287,
        0.06149470738829383,
        0.05744980845922305,
        0.057173428900873915,
        0.0589663103038882,
        0.05621455410341693,
        0.055821727034215264,
        0.05555844243042186,
        0.05501777066560517
    ]
}