{
    "train_loss": [
        0.1595104177905566,
        0.029873986624778644,
        0.02132027873039279,
        0.01881831909974784,
        0.018719247875233203,
        0.012949091337534614,
        0.01487511013120681,
        0.013961652696717588,
        0.011021735460366763,
        0.015379898290420553,
        0.010016388056555012,
        0.010521528087771561,
        0.00858180024435553,
        0.009714564113612732,
        0.00704860192087242,
        0.0073389513250844834,
        0.006814347145105878,
        0.0059895271479521875,
        0.004324389407047582,
        0.003609887294347362,
        0.008930890180214873,
        0.006864828907180785,
        0.006997343871412169,
        0.005992716078638443,
        0.007544633899418687,
        0.00490850157615759,
        0.003157463888548271,
        0.003065647889786988,
        0.0037936293597492328,
        0.004852509082595746,
        0.005598435215212353,
        0.005083529137232847,
        0.004980240406901244,
        0.003719335433858713,
        0.005019534160843586,
        0.0036167110098209044,
        0.004615268763795645,
        0.002010322705286438,
        0.0013250085553054528,
        0.0032749835057283598
    ],
    "train_acc": [
        0.9484966592427617,
        0.9940144766146993,
        0.9954064587973274,
        0.9959632516703786,
        0.9954064587973274,
        0.9976336302895323,
        0.9969376391982183,
        0.9970768374164811,
        0.9965200445434298,
        0.9955456570155902,
        0.9973552338530067,
        0.9972160356347439,
        0.9974944320712695,
        0.9976336302895323,
        0.9974944320712695,
        0.9976336302895323,
        0.9972160356347439,
        0.9979120267260579,
        0.9988864142538976,
        0.998608017817372,
        0.9974944320712695,
        0.9977728285077951,
        0.9979120267260579,
        0.9980512249443207,
        0.9976336302895323,
        0.9983296213808464,
        0.9988864142538976,
        0.9991648106904232,
        0.9984688195991092,
        0.9977728285077951,
        0.9977728285077951,
        0.9980512249443207,
        0.999304008908686,
        0.9988864142538976,
        0.9984688195991092,
        0.998608017817372,
        0.9987472160356348,
        0.9990256124721604,
        0.9997216035634744,
        0.9991648106904232
    ],
    "train_precision": [
        0.9245810055801357,
        0.9942344650801139,
        0.9974375400320472,
        0.9961759082154483,
        0.9949012109560555,
        0.9974635383576572,
        0.9961928933946943,
        0.9968253968190678,
        0.9980855137141157,
        0.9936467598412094,
        0.995572422511097,
        0.9961977186248657,
        0.9980940279479156,
        0.9962049335800367,
        0.995575221232645,
        0.9955780164182213,
        0.9961977186248657,
        0.9955835962082298,
        0.9974779318978723,
        0.9974747474684503,
        0.9949494949432137,
        0.9962073324842212,
        0.9968374446489764,
        0.9955863808260051,
        0.9949526813817354,
        0.9968434343371412,
        0.9968513853841509,
        0.9981084489218279,
        0.9974731522362763,
        0.9949558638020495,
        0.9955808080745229,
        0.996212121205832,
        0.998738170340702,
        0.9974779318978723,
        0.9974731522362763,
        0.9981036662389501,
        0.9974763406877132,
        0.9981072555142075,
        0.9993694829697393,
        0.9981084489218279
    ],
    "train_recall": [
        0.834804539717309,
        0.9785624211792021,
        0.9817150062989805,
        0.9854981084427145,
        0.9842370743948031,
        0.9918032786822711,
        0.9899117276104041,
        0.9899117276104041,
        0.9861286254666701,
        0.9861286254666701,
        0.9924337957062268,
        0.9911727616583155,
        0.9905422446343598,
        0.9930643127301825,
        0.9930643127301825,
        0.9936948297541381,
        0.9911727616583155,
        0.9949558638020495,
        0.9974779318978723,
        0.9962168978499608,
        0.9936948297541381,
        0.9936948297541381,
        0.9936948297541381,
        0.9955863808260051,
        0.9943253467780938,
        0.9955863808260051,
        0.9981084489218279,
        0.9981084489218279,
        0.9955863808260051,
        0.9949558638020495,
        0.9943253467780938,
        0.9949558638020495,
        0.9981084489218279,
        0.9974779318978723,
        0.9955863808260051,
        0.9955863808260051,
        0.9968474148739166,
        0.9974779318978723,
        0.9993694829697393,
        0.9981084489218279
    ],
    "val_loss": [
        0.028883297096809604,
        0.02055212602981041,
        0.02026644881628333,
        0.024558097105039936,
        0.021895851175009702,
        0.02025603213385846,
        0.026364332541842752,
        0.01539005958945675,
        0.022139544467516776,
        0.02079539080920358,
        0.02415647284042817,
        0.02171151592142643,
        0.024866276548914382,
        0.01785635585391221,
        0.023882527736120308,
        0.022034656623826476,
        0.022612701846815252,
        0.0195174995410741,
        0.025015482025290768,
        0.024541127645997605,
        0.021326831707304074,
        0.024055324188028745,
        0.02209560982014471,
        0.034558091678458754,
        0.023776397815241608,
        0.02104132231630496,
        0.02378559962476975,
        0.02234543266448527,
        0.021348145033130022,
        0.021888949439477823,
        0.02177716938162566,
        0.025749179655265443,
        0.025039035459369478,
        0.021686820156979383,
        0.02215482176000373,
        0.02431922548389703,
        0.025010619151988493,
        0.02555573438271917,
        0.028502586218255754,
        0.03333169903073155
    ],
    "val_acc": [
        0.9948018193632229,
        0.9961013645224172,
        0.9948018193632229,
        0.9967511371020142,
        0.9948018193632229,
        0.99545159194282,
        0.99545159194282,
        0.99545159194282,
        0.9967511371020142,
        0.99545159194282,
        0.99545159194282,
        0.9961013645224172,
        0.9967511371020142,
        0.99545159194282,
        0.9961013645224172,
        0.9961013645224172,
        0.9948018193632229,
        0.9948018193632229,
        0.9941520467836257,
        0.9961013645224172,
        0.9928525016244314,
        0.9961013645224172,
        0.9961013645224172,
        0.99545159194282,
        0.9961013645224172,
        0.9961013645224172,
        0.9961013645224172,
        0.9928525016244314,
        0.9948018193632229,
        0.9961013645224172,
        0.9948018193632229,
        0.9961013645224172,
        0.9935022742040286,
        0.99545159194282,
        0.9948018193632229,
        0.9928525016244314,
        0.9961013645224172,
        0.9961013645224172,
        0.9961013645224172,
        0.9961013645224172
    ],