{
    "train_loss": [
        0.11531151640944531,
        0.02363303181651009,
        0.018192495327009374,
        0.016387819154353975,
        0.012836269254667606,
        0.010552611821154776,
        0.010183287539829465,
        0.008081609481491382,
        0.008148908279543196,
        0.0057865898781816446,
        0.004897598169059783,
        0.005316528205012847,
        0.003412356956849338,
        0.004326869133136214,
        0.0037969437614806026,
        0.003652288551007842,
        0.0030132821181069287,
        0.0039246471461230415,
        0.00413014333694841,
        0.009441449007365519,
        0.004197093771590983,
        0.0029640403100389743,
        0.0027408739111941353,
        0.002502503389079603,
        0.0016393691486309499,
        0.0016670505762738559,
        0.0010457360632083383,
        0.0018016746354141144,
        0.0013690800106979394,
        0.0014881168553199104,
        0.0012051412737402647,
        0.0012660258788780119,
        0.0012615787388206947,
        0.0013273081461851282,
        0.001066041204905599,
        0.0011523624704869802,
        0.0011201407427957524,
        0.00144207698844615,
        0.001402778866448258,
        0.0034722051479862954
    ],
    "train_acc": [
        0.9621380846325167,
        0.9951280623608018,
        0.995684855233853,
        0.9966592427616926,
        0.9969376391982183,
        0.9973552338530067,
        0.9973552338530067,
        0.9981904231625836,
        0.9973552338530067,
        0.9983296213808464,
        0.9981904231625836,
        0.9987472160356348,
        0.9990256124721604,
        0.9987472160356348,
        0.9987472160356348,
        0.9987472160356348,
        0.9990256124721604,
        0.998608017817372,
        0.9983296213808464,
        0.9980512249443207,
        0.9983296213808464,
        0.9990256124721604,
        0.9991648106904232,
        0.9988864142538976,
        0.999304008908686,
        0.9991648106904232,
        0.9994432071269488,
        0.999304008908686,
        0.9994432071269488,
        0.9994432071269488,
        0.9994432071269488,
        0.9994432071269488,
        0.9994432071269488,
        0.9994432071269488,
        0.9994432071269488,
        0.9994432071269488,
        0.9994432071269488,
        0.9994432071269488,
        0.9994432071269488,
        0.9990256124721604
    ],
    "train_precision": [
        0.9932432432357865,
        0.9961612284005364,
        0.996805111814717,
        0.9949302915019334,
        0.9980891719681652,
        0.9968294229486568,
        0.9962001266561356,
        0.9981000633249013,
        0.9962001266561356,
        0.9974715549873738,
        0.9949653870296101,
        0.9981048641756279,
        0.9981072555142075,
        0.9974763406877132,
        0.9968494013799821,
        0.9968494013799821,
        0.9981072555142075,
        0.9962216624622405,
        0.9962168978499608,
        0.996212121205832,
        0.9962168978499608,
        0.9981072555142075,
        0.9987373737310686,
        0.9968513853841509,
        0.9981096408254688,
        0.9974811083060613,
        0.9981108312279716,
        0.9981096408254688,
        0.9981108312279716,
        0.9981108312279716,
        0.9981108312279716,
        0.9981108312279716,
        0.9981108312279716,
        0.9987389659457836,
        0.9981108312279716,
        0.9981108312279716,
        0.9981108312279716,
        0.9981108312279716,
        0.9981108312279716,
        0.9981072555142075
    ],
    "train_recall": [
        0.8341740226933533,
        0.9817150062989805,
        0.9836065573708475,
        0.9899117276104041,
        0.9880201765385371,
        0.9911727616583155,
        0.9918032786822711,
        0.9936948297541381,
        0.9918032786822711,
        0.9949558638020495,
        0.9968474148739166,
        0.9962168978499608,
        0.9974779318978723,
        0.9968474148739166,
        0.9974779318978723,
        0.9974779318978723,
        0.9974779318978723,
        0.9974779318978723,
        0.9962168978499608,
        0.9949558638020495,
        0.9962168978499608,
        0.9974779318978723,
        0.9974779318978723,
        0.9981084489218279,
        0.9987389659457836,
        0.9987389659457836,
        0.9993694829697393,
        0.9987389659457836,
        0.9993694829697393,
        0.9993694829697393,
        0.9993694829697393,
        0.9993694829697393,
        0.9993694829697393,
        0.9987389659457836,
        0.9993694829697393,
        0.9993694829697393,
        0.9993694829697393,
        0.9993694829697393,
        0.9993694829697393,
        0.9974779318978723
    ],
    "val_loss": [
        0.03304846164612481,
        0.01997205250623592,
        0.016823619691247283,
        0.02115906181952797,
        0.022572232057850885,
        0.01893176495464751,
        0.01937282354860791,
        0.019304068362825357,
        0.02081385863154565,
        0.023678049099007108,
        0.030373364552925393,
        0.02347009024831578,
        0.025000837223086617,
        0.023701566014901202,
        0.02184545971891413,
        0.021349945249725524,
        0.0252518667845519,
        0.028610513158200113,
        0.0355054496910428,
        0.051714334996442624,
        0.026334676917889255,
        0.02183828393621294,
        0.028455605798342276,
        0.02254071359867972,
        0.023789825939704665,
        0.027514724886570054,
        0.03249533402672914,
        0.028015755615822948,
        0.027579405263932863,
        0.028570587869795296,
        0.02823372670267621,
        0.029816135860489444,
        0.030028996403382198,
        0.029667373766688508,
        0.031186784027569244,
        0.0296607957645388,
        0.031459947027061466,
        0.03055880647332801,
        0.025956272494839658,
        0.027373979815788436
    ],
    "val_acc": [
        0.99545159194282,
        0.99545159194282,
        0.9967511371020142,
        0.9961013645224172,
        0.9935022742040286,
        0.9948018193632229,
        0.9948018193632229,
        0.9961013645224172,
        0.99545159194282,
        0.9935022742040286,
        0.9961013645224172,
        0.9961013645224172,
        0.9928525016244314,
        0.9928525016244314,
        0.9928525016244314,
        0.99545159194282,
        0.9941520467836257,
        0.9928525016244314,
        0.9883040935672515,
        0.9883040935672515,
        0.9961013645224172,
        0.99545159194282,
        0.9948018193632229,
        0.9928525016244314,
        0.9928525016244314,
        0.99545159194282,
        0.9961013645224172,
        0.99545159194282,
        0.9948018193632229,
        0.99545159194282,
        0.9948018193632229,
        0.99545159194282,
        0.99545159194282,
        0.99545159194282,
        0.99545159194282,
        0.9948018193632229,
        0.99545159194282,
        0.99545159194282,
        0.9967511371020142,
        0.9928525016244314
    ],