{
    "train_loss": [
        0.18708569480973256,
        0.08356645427445128,
        0.06941224000041263,
        0.05987035250809782,
        0.055807417219210176,
        0.04783560339266015,
        0.04755075377534519,
        0.04328774851446096,
        0.0414629899575178,
        0.03813968697367837,
        0.03517892330320747,
        0.03798487981810403,
        0.03191640999219754,
        0.0317672700774161,
        0.03133785667210062,
        0.033875120230193324,
        0.030599477995427653,
        0.029839944192166866,
        0.026005811086505286,
        0.023774661903138913,
        0.028724202883436568,
        0.024852544015490207,
        0.021295944429189383,
        0.02444183316500754,
        0.0251640129636326,
        0.025834795460416834,
        0.025008896761159007,
        0.022912802709575603,
        0.020560267202857932,
        0.024042477738423343,
        0.025453228339343385,
        0.018748400529342516,
        0.02038483775012353,
        0.020296996398337593,
        0.018461137272317463,
        0.02307237273902489,
        0.015594450213981727,
        0.021060957494339613,
        0.023370369612916015,
        0.01701949798307052
    ],
    "train_acc": [
        0.9362472160356348,
        0.9710467706013363,
        0.9743875278396437,
        0.9770322939866369,
        0.9784242761692651,
        0.9812082405345212,
        0.9802338530066815,
        0.9824610244988864,
        0.9817650334075724,
        0.9846881959910914,
        0.9853841870824054,
        0.9858017817371938,
        0.9858017817371938,
        0.9874721603563474,
        0.9864977728285078,
        0.9873329621380846,
        0.9880289532293987,
        0.9885857461024499,
        0.9888641425389755,
        0.9894209354120267,
        0.9884465478841871,
        0.9902561247216035,
        0.9903953229398663,
        0.9894209354120267,
        0.9890033407572383,
        0.9895601336302895,
        0.9902561247216035,
        0.9910913140311804,
        0.9917873051224945,
        0.9896993318485523,
        0.9901169265033407,
        0.9920657015590201,
        0.9927616926503341,
        0.9909521158129176,
        0.990673719376392,
        0.9899777282850779,
        0.9923440979955457,
        0.9916481069042317,
        0.9909521158129176,
        0.9927616926503341
    ],
    "train_precision": [
        0.9493746277489615,
        0.9564089257864224,
        0.9645648775353592,
        0.965873836603072,
        0.9699170124431021,
        0.9746113989586809,
        0.9672299027088213,
        0.9732647814859987,
        0.9707692307642525,
        0.9788550799330642,
        0.9803921568576863,
        0.9740721911490897,
        0.9794344472957356,
        0.9800511508901276,
        0.9814624098816609,
        0.9835051546341057,
        0.9855446566805084,
        0.9830855971246383,
        0.9816232771772251,
        0.9871200412107826,
        0.9835728952721583,
        0.9861609431010449,
        0.9861680327818332,
        0.9841269841219451,
        0.9841025640975175,
        0.9836400817945622,
        0.9861609431010449,
        0.988199076444391,
        0.9882292732805107,
        0.9861325115511755,
        0.9871531346300764,
        0.9872448979541467,
        0.9907739620656547,
        0.9856996935598279,
        0.9861821903736634,
        0.9841594276904233,
        0.9892528147339342,
        0.9872253449106427,
        0.9871926229457624,
        0.9897698209668043
    ],
    "train_recall": [
        0.8103711235342635,
        0.9369598373109459,
        0.9410269445808794,
        0.9496695475294883,
        0.9506863243469716,
        0.9562785968431303,
        0.9603457041130639,
        0.9623792577480307,
        0.9623792577480307,
        0.9649211997917392,
        0.9659379766092225,
        0.9740721911490897,
        0.968479918652931,
        0.9740721911490897,
        0.9689883070616727,
        0.9700050838791561,
        0.9705134722878977,
        0.9750889679665731,
        0.9776309100102816,
        0.9740721911490897,
        0.9740721911490897,
        0.9781392984190233,
        0.9786476868277649,
        0.9771225216015399,
        0.9755973563753148,
        0.9781392984190233,
        0.9781392984190233,
        0.9791560752365066,
        0.9816980172802151,
        0.9761057447840564,
        0.9766141331927981,
        0.9837315709151819,
        0.9827147940976985,
        0.9811896288714734,
        0.9796644636452483,
        0.9791560752365066,
        0.9827147940976985,
        0.9822064056889568,
        0.9796644636452483,
        0.9837315709151819
    ],
    "val_loss": [
        0.0793172464965423,
        0.05610706583040635,
        0.04349235755577048,
        0.044913907090590476,
        0.039329783847861725,
        0.033637830170623044,
        0.033166852666249594,
        0.03046359712923039,
        0.02745750045615621,
        0.026879148233422915,
        0.022893373782445735,
        0.026353783242261702,
        0.026390981134319227,
        0.02905700324588078,
        0.026901104127415455,
        0.03272971231296626,
        0.02377620398059274,
        0.01997377880013093,
        0.02263369741349598,
        0.02317383582666764,
        0.030204422256069317,
        0.020009598224239256,
        0.024170202934718735,
        0.03132413542396622,
        0.02337410566993082,
        0.0241666398960625,
        0.030441117667196746,
        0.02489898401504513,
        0.026395968747590145,
        0.02608795178772615,
        0.01834595850161921,
        0.021858256690862544,
        0.01645496294454765,
        0.02155097825434531,
        0.020935808425859074,
        0.028735906270868007,
        0.018287516541414743,
        0.029325421487451413,
        0.024520227410833585,
        0.022000042279190404
    ],
    "val_acc": [
        0.9701104613385315,
        0.9798570500324886,
        0.9850552306692657,
        0.9824561403508771,
        0.9844054580896686,
        0.9850552306692657,
        0.9850552306692657,
        0.9883040935672515,
        0.9889538661468485,
        0.9902534113060428,
        0.9922027290448343,
        0.9902534113060428,
        0.9876543209876543,
        0.9889538661468485,
        0.9876543209876543,
        0.9870045484080572,
        0.99090318388564,
        0.9902534113060428,
        0.9902534113060428,
        0.9889538661468485,
        0.98635477582846,
        0.9915529564652371,
        0.9915529564652371,
        0.9850552306692657,
        0.9889538661468485,
        0.9896036387264457,
        0.9902534113060428,
        0.9896036387264457,
        0.9870045484080572,
        0.9889538661468485,
        0.9902534113060428,
        0.99090318388564,
        0.9922027290448343,
        0.9883040935672515,
        0.9889538661468485,
        0.98635477582846,
        0.9928525016244314,
        0.99090318388564,
        0.9902534113060428,
        0.99090318388564
    ],