{
    "train_loss": [
        0.19648697542520302,
        0.08429127291077229,
        0.06816204234061635,
        0.05802714735485265,
        0.051152270857684465,
        0.046104295755879654,
        0.04191707776556567,
        0.03804260312179249,
        0.03416452643758138,
        0.03242674805555816,
        0.03271589684092703,
        0.030028061606280323,
        0.029060277740423357,
        0.02591410235119133,
        0.027241943565543165,
        0.02396719921136561,
        0.022460977285519608,
        0.023782240323445454,
        0.02502688553281759,
        0.024335812088382123
    ],
    "train_acc": [
        0.9319320712694877,
        0.9702115812917594,
        0.9749443207126949,
        0.9781458797327395,
        0.9807906458797327,
        0.9812082405345212,
        0.984966592427617,
        0.984966592427617,
        0.9860801781737194,
        0.9873329621380846,
        0.9873329621380846,
        0.9883073496659243,
        0.9881681514476615,
        0.9901169265033407,
        0.9871937639198218,
        0.9903953229398663,
        0.9915089086859689,
        0.9898385300668151,
        0.9909521158129176,
        0.9896993318485523
    ],
    "train_precision": [
        0.9203640500516476,
        0.9525038719620419,
        0.9565661727084489,
        0.9636270491753913,
        0.9639776763015526,
        0.9692622950770018,
        0.9774011299384828,
        0.9711099847898069,
        0.9779825908808092,
        0.977596741339218,
        0.9830072090577601,
        0.9830682401180961,
        0.980102040811326,
        0.9851586489202397,
        0.9785604900409467,
        0.9846782431001805,
        0.9862244897908866,
        0.983656792640533,
        0.9856996935598279,
        0.9836484414870534
    ],
    "train_recall": [
        0.8225724453440643,
        0.9379766141284293,
        0.951703101164455,
        0.9562785968431303,
        0.9659379766092225,
        0.961870869339289,
        0.9674631418354476,
        0.9740721911490897,
        0.9710218606966395,
        0.9761057447840564,
        0.9705134722878977,
        0.9740721911490897,
        0.9766141331927981,
        0.9786476868277649,
        0.9745805795578314,
        0.9801728520539901,
        0.9827147940976985,
        0.9791560752365066,
        0.9811896288714734,
        0.9786476868277649
    ],
    "val_loss": [
        0.08865987315064504,
        0.06856914960807692,
        0.05216404228320538,
        0.047919873915606044,
        0.04387596892005364,
        0.03998676099759406,
        0.043416299240544055,
        0.034855681146559854,
        0.03624402786241366,
        0.032037216392271445,
        0.03628813363542863,
        0.034801032643491686,
        0.031139731600812848,
        0.034186100322543884,
        0.027993177227758216,
        0.02408010190306499,
        0.03153756518422349,
        0.027839231042794142,
        0.025145983516194455,
        0.02647046611608588
    ],
    "val_acc": [
        0.967511371020143,
        0.9753086419753086,
        0.9792072774528915,
        0.9798570500324886,
        0.9824561403508771,
        0.9831059129304743,
        0.9837556855100714,
        0.9844054580896686,
        0.9844054580896686,
        0.9883040935672515,
        0.9831059129304743,
        0.9857050032488629,
        0.9896036387264457,
        0.9883040935672515,
        0.9876543209876543,
        0.9876543209876543,
        0.9902534113060428,
        0.9870045484080572,
        0.9889538661468485,
        0.9902534113060428
    ],
    "val_precision": [
        0.9351230424846728,
        0.9406593406386669,
        0.9614512471437312,
        0.9553571428358179,
        0.9813084111920255,
        0.9703872437136586,
        0.9579646017487176,
        0.970521541928106,
        0.9580573951223387,
        0.9773242630163872,
        0.9498910675174316,
        0.958241758220698,
        0.9907192575176167,
        0.9883990719028214,
        0.9861111110882844,
        0.981651376124274,
        0.9907407407178069,
        0.9929411764472249,
        0.9752252252032607,
        0.97963800902761
    ],
    "val_recall": [
        0.9521640090899279,
        0.9749430523695912,
        0.965831435057726,
        0.9749430523695912,
        0.9567198177458606,
        0.9703872437136586,
        0.986332574009423,
        0.9749430523695912,
        0.9886104783373892,
        0.9817767653534902,
        0.993166286993322,
        0.993166286993322,
        0.972665148041625,
        0.9703872437136586,
        0.9703872437136586,
        0.9749430523695912,
        0.9749430523695912,
        0.9612756264017932,
        0.986332574009423,
        0.986332574009423
    ]
}