{
    "train_loss": [
        0.24109367560802694,
        0.12105040753339075,
        0.10780567577096295,
        0.10571215957204058,
        0.10185638212812505,
        0.09112411520893961,
        0.08808442956471363,
        0.08498241069035932,
        0.08748020218448808,
        0.07345342386787745,
        0.07254069217196552,
        0.07408616253753547,
        0.07503810047041334,
        0.06773783995423524,
        0.06576857868092495,
        0.06305952735643477,
        0.0664460816244825,
        0.06288950336383518,
        0.06455720832699989,
        0.05698524642826985,
        0.060110635280750176,
        0.0582044653808138,
        0.05611299463280192,
        0.055288777187806795,
        0.054324710550811346,
        0.04971331909386014,
        0.06053934966676551,
        0.04933926850590515,
        0.05098469551851795,
        0.04718972343530398,
        0.04400892880587592,
        0.045553673726645504,
        0.043432296639544794,
        0.04086947667449796,
        0.04050210986041644,
        0.04808673934226976,
        0.04061969013170096,
        0.03989761390459863,
        0.041508396116722135,
        0.037538399278935056
    ],
    "train_acc": [
        0.9159242761692651,
        0.9582405345211581,
        0.9604677060133631,
        0.9614420935412027,
        0.9638084632516704,
        0.9682628062360802,
        0.9663140311804009,
        0.9699331848552338,
        0.9674276169265034,
        0.9729955456570156,
        0.9728563474387528,
        0.9711859688195991,
        0.9710467706013363,
        0.9741091314031181,
        0.9755011135857461,
        0.9749443207126949,
        0.9732739420935412,
        0.9768930957683741,
        0.9739699331848553,
        0.9773106904231625,
        0.9761971046770601,
        0.9760579064587973,
        0.9784242761692651,
        0.9780066815144766,
        0.9789810690423163,
        0.9795378619153675,
        0.9752227171492205,
        0.9800946547884187,
        0.9788418708240535,
        0.9812082405345212,
        0.9832962138084632,
        0.9809298440979956,
        0.9810690423162584,
        0.9830178173719376,
        0.9835746102449888,
        0.9810690423162584,
        0.9837138084632516,
        0.9832962138084632,
        0.9819042316258352,
        0.9848273942093542
    ],
    "train_precision": [
        0.9607843137189941,
        0.9215983813812767,
        0.9205397301303322,
        0.9216566866221475,
        0.9330289193255554,
        0.9420437213983628,
        0.9389312977051454,
        0.9464558898472899,
        0.942317508928319,
        0.9520652728151349,
        0.94974619288858,
        0.951745379871911,
        0.9466734382887422,
        0.9527198779819385,
        0.9571209800869979,
        0.9556348801583089,
        0.953964194368522,
        0.9606138107367744,
        0.9545454545405795,
        0.9597349643172287,
        0.9624098867097713,
        0.9619145651005563,
        0.9603658536536567,
        0.9612442631261539,
        0.9642126789316758,
        0.9652351738191962,
        0.9598971722315687,
        0.9662576687067165,
        0.9670612454916776,
        0.9649746192844418,
        0.9723785166190672,
        0.9687499999950372,
        0.9663779928631362,
        0.9699439633165057,
        0.9714431412495083,
        0.9682864450078349,
        0.9719387755052452,
        0.9728622631798625,
        0.9722365038510425,
        0.9749488752506393
    ],
    "train_recall": [
        0.7224199288219502,
        0.9262836807273702,
        0.9364514489022041,
        0.9389933909459126,
        0.9349262836759791,
        0.9420437213983628,
        0.9379766141284293,
        0.9435688866245879,
        0.9384850025371709,
        0.9491611591207466,
        0.9511947127557133,
        0.9425521098071045,
        0.9476359938945215,
        0.9527198779819385,
        0.9532282663906801,
        0.9527198779819385,
        0.9481443823032631,
        0.9547534316169052,
        0.95017793593823,
        0.9572953736606137,
        0.95017793593823,
        0.95017793593823,
        0.9608540925218055,
        0.9583121504780971,
        0.9588205388868388,
        0.9598373157043222,
        0.9491611591207466,
        0.9608540925218055,
        0.955261820025647,
        0.9664463650179642,
        0.9664463650179642,
        0.9613624809305472,
        0.9644128113829974,
        0.9679715302441894,
        0.968479918652931,
        0.9623792577480307,
        0.968479918652931,
        0.9659379766092225,
        0.9613624809305472,
        0.9694966954704144
    ],
    "val_loss": [
        0.12965259653085853,
        0.09866272901621169,
        0.11226172649372392,
        0.08428444287814127,
        0.08028576639738076,
        0.07506027868074439,
        0.07396016795190609,
        0.08340461490175954,
        0.06097240106016882,
        0.07443345468333977,
        0.06317037001223128,
        0.06455131085217967,
        0.06561177381259269,
        0.05538956195483973,
        0.059651965712323604,
        0.061853532631572304,
        0.06001501563328904,
        0.07451003809266465,
        0.057397004291947745,
        0.05597212035366279,
        0.0585442327442225,
        0.06748852873483674,
        0.060004430161601466,
        0.054054836945304476,
        0.0458134864835169,
        0.08935571568906113,
        0.04926642227513671,
        0.049296935481673486,
        0.06242675723930394,
        0.04761299855469728,
        0.06071734048735987,
        0.043237142930505644,
        0.04415564996428192,
        0.045859329659029446,
        0.04654368072932149,
        0.04728446445047197,
        0.0462185919110538,
        0.06805537670035014,
        0.04071051475384392,
        0.04016862726359446
    ],
    "val_acc": [
        0.9636127355425601,
        0.9603638726445743,
        0.9636127355425601,
        0.9714100064977258,
        0.9740090968161144,
        0.9720597790773229,
        0.9740090968161144,
        0.9668615984405458,
        0.9772579597141,
        0.9746588693957114,
        0.9798570500324886,
        0.9759584145549057,
        0.9785575048732943,
        0.9779077322936972,
        0.9766081871345029,
        0.9740090968161144,
        0.9753086419753086,
        0.9694606887589343,
        0.9753086419753086,
        0.9824561403508771,
        0.9792072774528915,
        0.9753086419753086,
        0.9759584145549057,
        0.9798570500324886,
        0.9824561403508771,
        0.967511371020143,
        0.9811565951916829,
        0.98180636777128,
        0.9727095516569201,
        0.9850552306692657,
        0.9772579597141,
        0.9837556855100714,
        0.9850552306692657,
        0.9831059129304743,
        0.98180636777128,
        0.9831059129304743,
        0.9831059129304743,
        0.9772579597141,
        0.9857050032488629,
        0.9850552306692657
    ],