{"ROC-AUC": {"mean": 0.7866836861237309, "std": 0.0}, "Accuracy": {"mean": 0.7162225890120255, "std": 0.0}, "Recall": {"mean": 0.7406272105635463, "std": 0.0}, "Precision": {"mean": 0.706160071942446, "std": 0.0}, "F1": {"mean": 0.7229830820577742, "std": 0.0}}