,pred_0,pred_1,pred_2,pred_3,pred_4
true_0,85.67958156714013,0.17104186807466348,2.632557447757864,6.264098559777893,5.252720557249448
true_1,19.79891724671307,57.6952822892498,22.505800464037122,0.0,0.0
true_2,3.0244959173471084,0.4582569571738044,96.50058323612731,0.0,0.016663889351774704
true_3,0.03313672211544834,0.0,0.0,99.96686327788456,0.0
true_4,1.8281535648994516,0.43875685557586835,0.0,0.0,97.73308957952467
