,pred_0,pred_1,pred_2,pred_3,pred_4
true_0,86.50044700506606,0.0,2.16350451971789,9.15863713122082,2.177411343995232
true_1,0.0,99.9223602484472,0.0,0.07763975155279502,0.0
true_2,5.518811666485959,0.054212295348585064,94.41613357909574,0.0,0.010842459069717012
true_3,26.730456568671872,0.0,0.0,73.26954343132813,0.0
true_4,18.389368468877784,0.0,0.0,0.0,81.61063153112221
