{"ROC-AUC": {"mean": 0.6781535955498031, "std": 0.0}, "Accuracy": {"mean": 0.6316906390002358, "std": 0.0}, "Recall": {"mean": 0.6927611412402735, "std": 0.0}, "Precision": {"mean": 0.6173565875183862, "std": 0.0}, "F1": {"mean": 0.6528888888888889, "std": 0.0}}