{
    "timestamp": "2025-10-16 08:14:07",
    "configuration": {
        "subset_size": 1000,
        "epochs": 25,
        "batch_size": 32,
        "dropout_rate": 0.3,
        "optimizer": "SGD",
        "learning_rate": 0.01
    },
    "sem_dropout": {
        "train_accuracy_history": [
            0.10400000214576721,
            0.19900000095367432,
            0.2840000092983246,
            0.3970000147819519,
            0.41600000858306885,
            0.4519999921321869,
            0.5130000114440918,
            0.5540000200271606,
            0.5680000185966492,
            0.5709999799728394,
            0.5609999895095825,
            0.6069999933242798,
            0.6690000295639038,
            0.640999972820282,
            0.7440000176429749,
            0.718999981880188,
            0.7990000247955322,
            0.8090000152587891,
            0.828000009059906,
            0.8429999947547913,
            0.8539999723434448,
            0.8799999952316284,
            0.9010000228881836,
            0.906000018119812,
            0.9020000100135803
        ],
        "test_accuracy_history": [
            0.1354999989271164,
            0.22050000727176666,
            0.3303999900817871,
            0.3508000075817108,
            0.36250001192092896,
            0.42410001158714294,
            0.4560999870300293,
            0.4925000071525574,
            0.4860000014305115,
            0.5087000131607056,
            0.5382999777793884,
            0.5338000059127808,
            0.4528000056743622,
            0.6431000232696533,
            0.4860999882221222,
            0.6520000100135803,
            0.6978999972343445,
            0.7264999747276306,
            0.7922999858856201,
            0.7141000032424927,
            0.7296000123023987,
            0.7519000172615051,
            0.8310999870300293,
            0.8069999814033508,
            0.8148999810218811
        ],
        "train_loss_history": [
            2.300736904144287,
            2.293071985244751,
            2.2846999168395996,
            2.274216413497925,
            2.2605772018432617,
            2.241713762283325,
            2.2146661281585693,
            2.1761746406555176,
            2.114668607711792,
            2.0155277252197266,
            1.8566417694091797,
            1.6030992269515991,
            1.3054118156433105,
            1.1663250923156738,
            0.9313428401947021,
            0.8744162321090698,
            0.7019800543785095,
            0.658532977104187,
            0.5649844408035278,
            0.5267648696899414,
            0.4759122431278229,
            0.43325933814048767,
            0.3512772023677826,
            0.313110888004303,
            0.3383360505104065
        ],
        "test_loss_history": [
            2.2975244522094727,
            2.2916505336761475,
            2.284167528152466,
            2.2741539478302,
            2.26009202003479,
            2.2397563457489014,
            2.2113747596740723,
            2.166999101638794,
            2.09842586517334,
            1.9808820486068726,
            1.7990312576293945,
            1.537063479423523,
            1.612147569656372,
            1.1338403224945068,
            1.4438377618789673,
            1.0073336362838745,
            0.9978763461112976,
            0.7991327047348022,
            0.6900972127914429,
            0.8426768779754639,
            0.8614353537559509,
            0.8114228844642639,
            0.5621644854545593,
            0.6558474898338318,
            0.6025994420051575
        ]
    },
    "com_dropout": {
        "train_accuracy_history": [
            0.09600000083446503,
            0.0989999994635582,
            0.1120000034570694,
            0.11100000143051147,
            0.11100000143051147,
            0.11299999803304672,
            0.13600000739097595,
            0.125,
            0.16099999845027924,
            0.15399999916553497,
            0.15700000524520874,
            0.17800000309944153,
            0.19699999690055847,
            0.210999995470047,
            0.21799999475479126,
            0.24799999594688416,
            0.25999999046325684,
            0.28299999237060547,
            0.2919999957084656,
            0.3149999976158142,
            0.3179999887943268,
            0.3409999907016754,
            0.35199999809265137,
            0.3580000102519989,
            0.39899998903274536
        ],
        "test_accuracy_history": [
            0.10170000046491623,
            0.14800000190734863,
            0.21279999613761902,
            0.3001999855041504,
            0.3140999972820282,
            0.2833999991416931,
            0.2930000126361847,
            0.3199999928474426,
            0.3100000023841858,
            0.29899999499320984,
            0.3257000148296356,
            0.32280001044273376,
            0.34459999203681946,
            0.3813999891281128,
            0.38429999351501465,
            0.4122999906539917,
            0.424699991941452,
            0.4287000000476837,
            0.44850000739097595,
            0.4334000051021576,
            0.4235999882221222,
            0.4156000018119812,
            0.46380001306533813,
            0.450300008058548,
            0.44940000772476196
        ],
        "train_loss_history": [
            2.319546699523926,
            2.3143115043640137,
            2.302882432937622,
            2.2935950756073,
            2.2883710861206055,
            2.2871193885803223,
            2.281099796295166,
            2.2709078788757324,
            2.2602689266204834,
            2.261828899383545,
            2.2501649856567383,
            2.247271776199341,
            2.2141730785369873,
            2.190897226333618,
            2.1637520790100098,
            2.1267213821411133,
            2.0999133586883545,
            2.0677945613861084,
            2.0135490894317627,
            1.9702121019363403,
            1.9186965227127075,
            1.848214030265808,
            1.8151752948760986,
            1.7625004053115845,
            1.674871802330017
        ],
        "test_loss_history": [
            2.297010660171509,
            2.2914881706237793,
            2.2883641719818115,
            2.2852377891540527,
            2.2813260555267334,
            2.2775156497955322,
            2.2693097591400146,
            2.2592077255249023,
            2.246387004852295,
            2.2319300174713135,
            2.215183734893799,
            2.19767427444458,
            2.168241024017334,
            2.1294264793395996,
            2.08541202545166,
            2.0321621894836426,
            1.9776326417922974,
            1.9267195463180542,
            1.852155089378357,
            1.7964451313018799,
            1.7218201160430908,
            1.6692414283752441,
            1.597960114479065,
            1.5584415197372437,
            1.5100969076156616
        ]
    }
}