{
    "timestamp": "2025-10-16 08:48:20",
    "configuration": {
        "subset_size": 1000,
        "epochs": 50,
        "batch_size": 32,
        "dropout_rate": 0.3,
        "optimizer": "SGD",
        "learning_rate": 0.01
    },
    "sem_dropout": {
        "train_accuracy_history": [
            0.12800000607967377,
            0.20900000631809235,
            0.28299999237060547,
            0.3709999918937683,
            0.4620000123977661,
            0.5,
            0.5170000195503235,
            0.5440000295639038,
            0.5600000023841858,
            0.5649999976158142,
            0.5519999861717224,
            0.5809999704360962,
            0.6259999871253967,
            0.6650000214576721,
            0.7089999914169312,
            0.7570000290870667,
            0.7459999918937683,
            0.8220000267028809,
            0.8349999785423279,
            0.8500000238418579,
            0.875,
            0.890999972820282,
            0.8949999809265137,
            0.925000011920929,
            0.8240000009536743,
            0.9279999732971191,
            0.9490000009536743,
            0.9490000009536743,
            0.953000009059906,
            0.9710000157356262,
            0.9779999852180481,
            0.984000027179718,
            0.9369999766349792,
            0.9890000224113464,
            0.9940000176429749,
            0.9980000257492065,
            0.9990000128746033,
            1.0,
            1.0,
            1.0,
            1.0,
            1.0,
            1.0,
            1.0,
            1.0,
            1.0,
            1.0,
            1.0,
            1.0,
            1.0
        ],
        "test_accuracy_history": [
            0.14880000054836273,
            0.19779999554157257,
            0.26409998536109924,
            0.3596000075340271,
            0.42289999127388,
            0.439300000667572,
            0.45840001106262207,
            0.46129998564720154,
            0.5216000080108643,
            0.512499988079071,
            0.4952000081539154,
            0.5440999865531921,
            0.41350001096725464,
            0.6596999764442444,
            0.6104999780654907,
            0.6722999811172485,
            0.722599983215332,
            0.7382000088691711,
            0.43540000915527344,
            0.7591999769210815,
            0.7692000269889832,
            0.7264000177383423,
            0.7563999891281128,
            0.257999986410141,
            0.6951000094413757,
            0.830299973487854,
            0.7846999764442444,
            0.840399980545044,
            0.8342999815940857,
            0.8241999745368958,
            0.840499997138977,
            0.8501999974250793,
            0.8575999736785889,
            0.8521999716758728,
            0.832099974155426,
            0.8486999869346619,
            0.86080002784729,
            0.8622999787330627,
            0.8587999939918518,
            0.8640000224113464,
            0.8532999753952026,
            0.8614000082015991,
            0.8313000202178955,
            0.8598999977111816,
            0.8615000247955322,
            0.8629999756813049,
            0.8628000020980835,
            0.8626000285148621,
            0.8603000044822693,
            0.8601999878883362
        ],
        "train_loss_history": [
            2.300001859664917,
            2.2923099994659424,
            2.2829084396362305,
            2.2708194255828857,
            2.254725694656372,
            2.2335612773895264,
            2.2034785747528076,
            2.159785270690918,
            2.089153528213501,
            1.9689357280731201,
            1.7834358215332031,
            1.5379016399383545,
            1.314515471458435,
            1.132746696472168,
            0.9949005246162415,
            0.8149839639663696,
            0.7819013595581055,
            0.6028225421905518,
            0.542091429233551,
            0.5385414361953735,
            0.4137425124645233,
            0.37561315298080444,
            0.33775466680526733,
            0.2661464512348175,
            0.8539160490036011,
            0.24780048429965973,
            0.19280336797237396,
            0.1738792508840561,
            0.14857695996761322,
            0.12366145849227905,
            0.09672670066356659,
            0.08213777840137482,
            0.2486024647951126,
            0.07753808796405792,
            0.05347475782036781,
            0.04343780130147934,
            0.03307726979255676,
            0.027331393212080002,
            0.023679496720433235,
            0.019909489899873734,
            0.017714431509375572,
            0.015889262780547142,
            0.014022666960954666,
            0.01417492050677538,
            0.011374656111001968,
            0.010260178707540035,
            0.009414932690560818,
            0.008803318254649639,
            0.008119212463498116,
            0.007486380636692047
        ],
        "test_loss_history": [
            2.2967424392700195,
            2.290456533432007,
            2.2814533710479736,
            2.2701423168182373,
            2.2541773319244385,
            2.2319579124450684,
            2.2006120681762695,
            2.1542654037475586,
            2.0666513442993164,
            1.9369713068008423,
            1.7416497468948364,
            1.535368800163269,
            1.5018949508666992,
            1.1968766450881958,
            1.2646000385284424,
            0.9883306622505188,
            0.8989591002464294,
            0.8207634687423706,
            2.106905221939087,
            0.7647949457168579,
            0.7456662058830261,
            0.8457727432250977,
            0.7828136682510376,
            4.936980724334717,
            1.0188570022583008,
            0.5792971253395081,
            0.7448384165763855,
            0.5612821578979492,
            0.5994314551353455,
            0.6352875232696533,
            0.586914598941803,
            0.5684765577316284,
            0.5114879608154297,
            0.5443252921104431,
            0.6448096036911011,
            0.5876763463020325,
            0.5524592995643616,
            0.5490847229957581,
            0.5744959712028503,
            0.5667375922203064,
            0.610930860042572,
            0.591014564037323,
            0.7420357465744019,
            0.6069186329841614,
            0.6037182807922363,
            0.6152613759040833,
            0.619944155216217,
            0.6233624815940857,
            0.6344099044799805,
            0.6398764848709106
        ]
    },