{
    "timestamp": "2025-10-16 08:11:15",
    "configuration": {
        "subset_size": 1000,
        "epochs": 50,
        "batch_size": 32,
        "dropout_rate": 0.3,
        "optimizer": "SGD",
        "learning_rate": 0.01
    },
    "sem_dropout": {
        "train_accuracy_history": [
            0.10499999672174454,
            0.21199999749660492,
            0.3330000042915344,
            0.38499999046325684,
            0.3959999978542328,
            0.421999990940094,
            0.421999990940094,
            0.4359999895095825,
            0.503000020980835,
            0.5960000157356262,
            0.6359999775886536,
            0.6800000071525574,
            0.7360000014305115,
            0.7649999856948853,
            0.8019999861717224,
            0.8149999976158142,
            0.8539999723434448,
            0.878000020980835,
            0.8899999856948853,
            0.8939999938011169,
            0.9200000166893005,
            0.9169999957084656,
            0.9120000004768372,
            0.953000009059906,
            0.9470000267028809,
            0.9629999995231628,
            0.9620000123977661,
            0.9829999804496765,
            0.9789999723434448,
            0.9769999980926514,
            0.9890000224113464,
            0.9909999966621399,
            0.9929999709129333,
            0.9950000047683716,
            0.9959999918937683,
            0.9990000128746033,
            0.9879999756813049,
            0.9990000128746033,
            0.9990000128746033,
            1.0,
            1.0,
            1.0,
            1.0,
            1.0,
            1.0,
            1.0,
            1.0,
            1.0,
            1.0,
            1.0
        ],
        "test_accuracy_history": [
            0.13349999487400055,
            0.23440000414848328,
            0.33980000019073486,
            0.3619999885559082,
            0.4049000144004822,
            0.3831999897956848,
            0.36719998717308044,
            0.3871000111103058,
            0.47530001401901245,
            0.4593000113964081,
            0.21299999952316284,
            0.633400022983551,
            0.361299991607666,
            0.7045999765396118,
            0.4758000075817108,
            0.7562999725341797,
            0.7328000068664551,
            0.7888000011444092,
            0.6176999807357788,
            0.8269000053405762,
            0.692300021648407,
            0.8054999709129333,
            0.8287000060081482,
            0.5465999841690063,
            0.8443999886512756,
            0.666100025177002,
            0.8586999773979187,
            0.7756999731063843,
            0.8011999726295471,
            0.859499990940094,
            0.8263000249862671,
            0.859499990940094,
            0.8614000082015991,
            0.8567000031471252,
            0.8597000241279602,
            0.7907999753952026,
            0.866100013256073,
            0.8601999878883362,
            0.8648999929428101,
            0.870199978351593,
            0.8690999746322632,
            0.8637999892234802,
            0.8666999936103821,
            0.8697999715805054,
            0.8676999807357788,
            0.8666999936103821,
            0.8637999892234802,
            0.8661999702453613,
            0.8698999881744385,
            0.866599977016449
        ],
        "train_loss_history": [
            2.2964913845062256,
            2.281736373901367,
            2.262695789337158,
            2.2361013889312744,
            2.1994216442108154,
            2.141387939453125,
            2.0514698028564453,
            1.9238595962524414,
            1.7550029754638672,
            1.5307958126068115,
            1.3330843448638916,
            1.0829071998596191,
            0.880717396736145,
            0.7652038335800171,
            0.6591057181358337,
            0.6007961630821228,
            0.4785962998867035,
            0.41313403844833374,
            0.36355260014533997,
            0.3551717698574066,
            0.2827574908733368,
            0.27144938707351685,
            0.2870440185070038,
            0.18483711779117584,
            0.2072056382894516,
            0.15746742486953735,
            0.16131967306137085,
            0.1038929745554924,
            0.09392353147268295,
            0.10922995209693909,
            0.0703498125076294,
            0.058818623423576355,
            0.04754650592803955,
            0.03662319853901863,
            0.03383179008960724,
            0.02871142327785492,
            0.04796331375837326,
            0.022905930876731873,
            0.019419584423303604,
            0.016000593081116676,
            0.014037827029824257,
            0.012456466443836689,
            0.011574327014386654,
            0.010654076002538204,
            0.009541783481836319,
            0.00871623307466507,
            0.007919477298855782,
            0.00757182901725173,
            0.006987002212554216,
            0.006536685395985842
        ],
        "test_loss_history": [
            2.290038585662842,
            2.2767105102539062,
            2.2563419342041016,
            2.2283713817596436,
            2.1861021518707275,
            2.1193044185638428,
            2.0214033126831055,
            1.9026702642440796,
            1.708280324935913,
            1.605133295059204,
            2.136458158493042,
            1.2237601280212402,
            1.8574138879776,
            0.955126166343689,
            1.7311177253723145,
            0.7316169142723083,
            0.8112332224845886,
            0.6642656326293945,
            1.2503008842468262,
            0.5678452849388123,
            0.8918406367301941,
            0.6199632883071899,
            0.5335673093795776,
            1.9853302240371704,
            0.4951728582382202,
            1.0343520641326904,
            0.4692777693271637,
            0.7714722752571106,
            0.6752832531929016,
            0.4854148030281067,
            0.6037092804908752,
            0.4778326749801636,
            0.4846753478050232,
            0.5236428380012512,
            0.5006547570228577,
            0.8348876237869263,
            0.5124918222427368,
            0.5081286430358887,
            0.4985264539718628,
            0.5032835006713867,
            0.5042704343795776,
            0.5273692607879639,
            0.5185180902481079,
            0.5206188559532166,
            0.5373266339302063,
            0.5356228351593018,
            0.5461132526397705,
            0.5417153835296631,
            0.5383310914039612,
            0.5455817580223083
        ]
    },